--
-- PostgreSQL database dump
--

-- Dumped from database version 14.18 (Homebrew)
-- Dumped by pg_dump version 14.18 (Homebrew)

SET statement_timeout = 0;
SET lock_timeout = 0;
SET idle_in_transaction_session_timeout = 0;
SET client_encoding = 'UTF8';
SET standard_conforming_strings = on;
SELECT pg_catalog.set_config('search_path', '', false);
SET check_function_bodies = false;
SET xmloption = content;
SET client_min_messages = warning;
SET row_security = off;

--
-- Name: update_updated_date_column(); Type: FUNCTION; Schema: public; Owner: earthharbor
--

CREATE FUNCTION public.update_updated_date_column() RETURNS trigger
    LANGUAGE plpgsql
    AS $$
BEGIN
    NEW.updated_date = CURRENT_TIMESTAMP;
    RETURN NEW;
END;
$$;


ALTER FUNCTION public.update_updated_date_column() OWNER TO earthharbor;

SET default_tablespace = '';

SET default_table_access_method = heap;

--
-- Name: formula_ingredients; Type: TABLE; Schema: public; Owner: earthharbor
--

CREATE TABLE public.formula_ingredients (
    id integer NOT NULL,
    formula_id integer NOT NULL,
    ingredient_id integer NOT NULL,
    percentage numeric(5,2) NOT NULL,
    created_date timestamp without time zone DEFAULT CURRENT_TIMESTAMP,
    CONSTRAINT formula_ingredients_percentage_check CHECK (((percentage >= (0)::numeric) AND (percentage <= (100)::numeric)))
);


ALTER TABLE public.formula_ingredients OWNER TO earthharbor;

--
-- Name: formula_ingredients_id_seq; Type: SEQUENCE; Schema: public; Owner: earthharbor
--

CREATE SEQUENCE public.formula_ingredients_id_seq
    AS integer
    START WITH 1
    INCREMENT BY 1
    NO MINVALUE
    NO MAXVALUE
    CACHE 1;


ALTER TABLE public.formula_ingredients_id_seq OWNER TO earthharbor;

--
-- Name: formula_ingredients_id_seq; Type: SEQUENCE OWNED BY; Schema: public; Owner: earthharbor
--

ALTER SEQUENCE public.formula_ingredients_id_seq OWNED BY public.formula_ingredients.id;


--
-- Name: formulas; Type: TABLE; Schema: public; Owner: earthharbor
--

CREATE TABLE public.formulas (
    id integer NOT NULL,
    name character varying(255) NOT NULL,
    version character varying(50) DEFAULT '1.0'::character varying,
    created_date timestamp without time zone DEFAULT CURRENT_TIMESTAMP,
    updated_date timestamp without time zone DEFAULT CURRENT_TIMESTAMP,
    status character varying(20) DEFAULT 'needs_review'::character varying,
    review_reasons text[],
    CONSTRAINT formulas_status_check CHECK (((status)::text = ANY ((ARRAY['needs_review'::character varying, 'approved'::character varying, 'rejected'::character varying])::text[])))
);


ALTER TABLE public.formulas OWNER TO earthharbor;

--
-- Name: COLUMN formulas.status; Type: COMMENT; Schema: public; Owner: earthharbor
--

COMMENT ON COLUMN public.formulas.status IS 'Status of formula validation: needs_review, approved, rejected';


--
-- Name: COLUMN formulas.review_reasons; Type: COMMENT; Schema: public; Owner: earthharbor
--

COMMENT ON COLUMN public.formulas.review_reasons IS 'Array of specific reasons why this formula needs review, e.g. ["Duplicate ingredient: Water", "Total percentage: 103.2%"]';


--
-- Name: formulas_id_seq; Type: SEQUENCE; Schema: public; Owner: earthharbor
--

CREATE SEQUENCE public.formulas_id_seq
    AS integer
    START WITH 1
    INCREMENT BY 1
    NO MINVALUE
    NO MAXVALUE
    CACHE 1;


ALTER TABLE public.formulas_id_seq OWNER TO earthharbor;

--
-- Name: formulas_id_seq; Type: SEQUENCE OWNED BY; Schema: public; Owner: earthharbor
--

ALTER SEQUENCE public.formulas_id_seq OWNED BY public.formulas.id;


--
-- Name: ingredient_pricing; Type: TABLE; Schema: public; Owner: earthharbor
--

CREATE TABLE public.ingredient_pricing (
    id integer NOT NULL,
    ingredient_id integer NOT NULL,
    price_per_kg numeric(10,2) NOT NULL,
    supplier character varying(255),
    effective_date date NOT NULL,
    created_date timestamp without time zone DEFAULT CURRENT_TIMESTAMP,
    CONSTRAINT ingredient_pricing_price_per_kg_check CHECK ((price_per_kg >= (0)::numeric))
);


ALTER TABLE public.ingredient_pricing OWNER TO earthharbor;

--
-- Name: ingredient_pricing_id_seq; Type: SEQUENCE; Schema: public; Owner: earthharbor
--

CREATE SEQUENCE public.ingredient_pricing_id_seq
    AS integer
    START WITH 1
    INCREMENT BY 1
    NO MINVALUE
    NO MAXVALUE
    CACHE 1;


ALTER TABLE public.ingredient_pricing_id_seq OWNER TO earthharbor;

--
-- Name: ingredient_pricing_id_seq; Type: SEQUENCE OWNED BY; Schema: public; Owner: earthharbor
--

ALTER SEQUENCE public.ingredient_pricing_id_seq OWNED BY public.ingredient_pricing.id;


--
-- Name: ingredients; Type: TABLE; Schema: public; Owner: earthharbor
--

CREATE TABLE public.ingredients (
    id integer NOT NULL,
    name character varying(255) NOT NULL,
    inci_name character varying(255),
    supplier_code character varying(100),
    category character varying(100),
    created_date timestamp without time zone DEFAULT CURRENT_TIMESTAMP
);


ALTER TABLE public.ingredients OWNER TO earthharbor;

--
-- Name: ingredients_id_seq; Type: SEQUENCE; Schema: public; Owner: earthharbor
--

CREATE SEQUENCE public.ingredients_id_seq
    AS integer
    START WITH 1
    INCREMENT BY 1
    NO MINVALUE
    NO MAXVALUE
    CACHE 1;


ALTER TABLE public.ingredients_id_seq OWNER TO earthharbor;

--
-- Name: ingredients_id_seq; Type: SEQUENCE OWNED BY; Schema: public; Owner: earthharbor
--

ALTER SEQUENCE public.ingredients_id_seq OWNED BY public.ingredients.id;


--
-- Name: schema_migrations; Type: TABLE; Schema: public; Owner: earthharbor
--

CREATE TABLE public.schema_migrations (
    version character varying(255) NOT NULL,
    applied_at timestamp without time zone DEFAULT now()
);


ALTER TABLE public.schema_migrations OWNER TO earthharbor;

--
-- Name: formula_ingredients id; Type: DEFAULT; Schema: public; Owner: earthharbor
--

ALTER TABLE ONLY public.formula_ingredients ALTER COLUMN id SET DEFAULT nextval('public.formula_ingredients_id_seq'::regclass);


--
-- Name: formulas id; Type: DEFAULT; Schema: public; Owner: earthharbor
--

ALTER TABLE ONLY public.formulas ALTER COLUMN id SET DEFAULT nextval('public.formulas_id_seq'::regclass);


--
-- Name: ingredient_pricing id; Type: DEFAULT; Schema: public; Owner: earthharbor
--

ALTER TABLE ONLY public.ingredient_pricing ALTER COLUMN id SET DEFAULT nextval('public.ingredient_pricing_id_seq'::regclass);


--
-- Name: ingredients id; Type: DEFAULT; Schema: public; Owner: earthharbor
--

ALTER TABLE ONLY public.ingredients ALTER COLUMN id SET DEFAULT nextval('public.ingredients_id_seq'::regclass);


--
-- Data for Name: formula_ingredients; Type: TABLE DATA; Schema: public; Owner: earthharbor
--

COPY public.formula_ingredients (id, formula_id, ingredient_id, percentage, created_date) FROM stdin;
1	1	1	4.00	2025-07-18 23:06:02.84
2	1	2	1.00	2025-07-18 23:06:02.84
3	1	3	0.10	2025-07-18 23:06:02.84
4	1	4	70.50	2025-07-18 23:06:02.84
5	1	5	2.00	2025-07-18 23:06:02.84
6	1	6	2.00	2025-07-18 23:06:02.84
7	1	7	6.00	2025-07-18 23:06:02.84
8	1	8	2.00	2025-07-18 23:06:02.84
9	1	9	2.00	2025-07-18 23:06:02.84
10	1	10	2.00	2025-07-18 23:06:02.84
11	1	11	4.00	2025-07-18 23:06:02.84
12	1	12	2.00	2025-07-18 23:06:02.84
13	1	13	1.00	2025-07-18 23:06:02.84
14	1	14	0.40	2025-07-18 23:06:02.84
15	1	15	0.80	2025-07-18 23:06:02.84
16	1	16	0.20	2025-07-18 23:06:02.84
17	2	17	24.00	2025-07-18 23:06:02.84
18	2	18	51.70	2025-07-18 23:06:02.84
19	2	19	10.00	2025-07-18 23:06:02.84
20	2	20	1.00	2025-07-18 23:06:02.84
21	2	21	1.00	2025-07-18 23:06:02.84
22	2	22	10.00	2025-07-18 23:06:02.84
23	2	23	0.10	2025-07-18 23:06:02.84
24	2	24	1.00	2025-07-18 23:06:02.84
25	2	25	0.10	2025-07-18 23:06:02.84
26	2	26	0.10	2025-07-18 23:06:02.84
27	2	27	1.00	2025-07-18 23:06:02.84
36	3	27	1.00	2025-07-18 23:06:02.84
28	3	28	53.30	2025-07-18 23:06:02.84
29	3	29	32.30	2025-07-18 23:06:02.84
30	3	30	2.00	2025-07-18 23:06:02.84
31	3	31	5.00	2025-07-18 23:06:02.84
32	3	32	0.50	2025-07-18 23:06:02.84
33	3	33	0.50	2025-07-18 23:06:02.84
34	3	34	5.00	2025-07-18 23:06:02.84
35	3	35	0.40	2025-07-18 23:06:02.84
40	4	20	0.50	2025-07-18 23:06:02.84
44	4	27	2.00	2025-07-18 23:06:02.84
41	4	29	0.50	2025-07-18 23:06:02.84
37	4	34	20.00	2025-07-18 23:06:02.84
38	4	36	1.00	2025-07-18 23:06:02.84
39	4	37	74.70	2025-07-18 23:06:02.84
42	4	38	0.30	2025-07-18 23:06:02.84
43	4	39	1.00	2025-07-18 23:06:02.84
46	5	1	2.00	2025-07-18 23:06:02.84
48	5	4	72.70	2025-07-18 23:06:02.84
53	5	9	4.00	2025-07-18 23:06:02.84
45	5	40	4.00	2025-07-18 23:06:02.84
47	5	41	0.30	2025-07-18 23:06:02.84
49	5	42	0.10	2025-07-18 23:06:02.84
50	5	43	1.00	2025-07-18 23:06:02.84
51	5	44	1.00	2025-07-18 23:06:02.84
52	5	45	1.00	2025-07-18 23:06:02.84
54	5	46	1.00	2025-07-18 23:06:02.84
55	5	47	1.00	2025-07-18 23:06:02.84
56	5	48	0.70	2025-07-18 23:06:02.84
57	5	49	1.00	2025-07-18 23:06:02.84
58	5	50	5.00	2025-07-18 23:06:02.84
59	5	51	2.00	2025-07-18 23:06:02.84
60	5	52	0.10	2025-07-18 23:06:02.84
61	5	53	2.00	2025-07-18 23:06:02.84
62	5	54	0.80	2025-07-18 23:06:02.84
63	5	55	0.30	2025-07-18 23:06:02.84
66	6	1	5.00	2025-07-18 23:06:02.84
64	6	4	70.99	2025-07-18 23:06:02.84
65	6	56	0.01	2025-07-18 23:06:02.84
67	6	57	1.00	2025-07-18 23:06:02.84
68	6	58	1.00	2025-07-18 23:06:02.84
69	6	59	10.00	2025-07-18 23:06:02.84
70	6	60	7.00	2025-07-18 23:06:02.84
71	6	61	0.60	2025-07-18 23:06:02.84
72	6	62	0.50	2025-07-18 23:06:02.84
73	6	63	0.60	2025-07-18 23:06:02.84
74	6	64	0.80	2025-07-18 23:06:02.84
75	6	65	1.00	2025-07-18 23:06:02.84
76	6	66	0.50	2025-07-18 23:06:02.84
77	6	67	0.10	2025-07-18 23:06:02.84
78	6	68	0.50	2025-07-18 23:06:02.84
79	6	69	0.40	2025-07-18 23:06:02.84
81	7	1	5.00	2025-07-18 23:06:02.84
83	7	58	1.00	2025-07-18 23:06:02.84
84	7	60	10.00	2025-07-18 23:06:02.84
87	7	64	0.50	2025-07-18 23:06:02.84
89	7	67	0.80	2025-07-18 23:06:02.84
91	7	69	0.10	2025-07-18 23:06:02.84
82	7	70	1.00	2025-07-18 23:06:02.84
85	7	71	7.00	2025-07-18 23:06:02.84
86	7	72	0.60	2025-07-18 23:06:02.84
88	7	73	0.60	2025-07-18 23:06:02.84
90	7	74	1.00	2025-07-18 23:06:02.84
92	7	75	0.40	2025-07-18 23:06:02.84
109	9	4	69.90	2025-07-18 23:06:02.84
108	9	40	10.00	2025-07-18 23:06:02.84
114	9	68	1.00	2025-07-18 23:06:02.84
110	9	85	5.00	2025-07-18 23:06:02.84
111	9	86	13.00	2025-07-18 23:06:02.84
112	9	87	0.30	2025-07-18 23:06:02.84
113	9	88	0.80	2025-07-18 23:06:02.84
115	10	1	2.00	2025-07-18 23:06:02.84
119	10	4	64.90	2025-07-18 23:06:02.84
126	10	7	5.00	2025-07-18 23:06:02.84
128	10	28	2.00	2025-07-18 23:06:02.84
127	10	49	3.00	2025-07-18 23:06:02.84
122	10	79	2.00	2025-07-18 23:06:02.84
116	10	89	4.00	2025-07-18 23:06:02.84
117	10	90	0.10	2025-07-18 23:06:02.84
118	10	91	0.50	2025-07-18 23:06:02.84
120	10	92	0.20	2025-07-18 23:06:02.84
121	10	93	0.30	2025-07-18 23:06:02.84
123	10	94	2.00	2025-07-18 23:06:02.84
124	10	95	2.00	2025-07-18 23:06:02.84
125	10	96	2.00	2025-07-18 23:06:02.84
129	10	97	1.00	2025-07-18 23:06:02.84
130	10	98	3.00	2025-07-18 23:06:02.84
131	10	99	0.80	2025-07-18 23:06:02.84
132	10	100	0.20	2025-07-18 23:06:02.84
133	10	101	5.00	2025-07-18 23:06:02.84
1046	30	4	78.30	2025-07-18 18:37:32.258578
1047	30	59	10.00	2025-07-18 18:37:32.258578
1048	30	276	3.00	2025-07-18 18:37:32.258578
1049	30	1	6.00	2025-07-18 18:37:32.258578
1050	30	277	1.00	2025-07-18 18:37:32.258578
1051	30	278	0.50	2025-07-18 18:37:32.258578
1052	30	55	0.40	2025-07-18 18:37:32.258578
1053	30	15	0.80	2025-07-18 18:37:32.258578
255	18	4	88.68	2025-07-18 23:06:02.84
888	31	4	82.90	2025-07-18 18:20:49.343441
927	12	4	67.50	2025-07-18 18:25:23.36038
154	11	64	1.11	2025-07-18 23:06:02.84
134	11	102	0.07	2025-07-18 23:06:02.84
135	11	103	5.54	2025-07-18 23:06:02.84
138	11	104	4.16	2025-07-18 23:06:02.84
141	11	105	34.65	2025-07-18 23:06:02.84
142	11	106	0.28	2025-07-18 23:06:02.84
143	11	107	0.14	2025-07-18 23:06:02.84
144	11	108	0.14	2025-07-18 23:06:02.84
1187	14	105	70.00	2025-07-18 18:55:48.601957
1188	14	145	20.00	2025-07-18 18:55:48.601957
1189	14	106	1.00	2025-07-18 18:55:48.601957
1190	14	107	3.00	2025-07-18 18:55:48.601957
1191	14	147	5.00	2025-07-18 18:55:48.601957
1192	14	109	1.00	2025-07-18 18:55:48.601957
1256	40	156	1.00	2025-07-18 19:05:21.021678
1257	40	7	1.00	2025-07-18 19:05:21.021678
1258	40	31	1.50	2025-07-18 19:05:21.021678
1259	40	13	2.50	2025-07-18 19:05:21.021678
1260	40	384	1.00	2025-07-18 19:05:21.021678
1261	40	53	1.00	2025-07-18 19:05:21.021678
1262	40	16	0.10	2025-07-18 19:05:21.021678
1263	40	15	0.80	2025-07-18 19:05:21.021678
1264	47	4	57.65	2025-07-18 19:05:21.021678
1265	47	1	2.00	2025-07-18 19:05:21.021678
1266	47	56	1.00	2025-07-18 19:05:21.021678
1267	47	58	0.10	2025-07-18 19:05:21.021678
1268	47	402	30.00	2025-07-18 19:05:21.021678
1269	47	60	1.00	2025-07-18 19:05:21.021678
1270	47	252	2.00	2025-07-18 19:05:21.021678
1271	47	404	1.00	2025-07-18 19:05:21.021678
145	11	109	0.28	2025-07-18 23:06:02.84
146	11	110	2.77	2025-07-18 23:06:02.84
147	11	111	5.54	2025-07-18 23:06:02.84
148	11	112	2.77	2025-07-18 23:06:02.84
149	11	113	1.39	2025-07-18 23:06:02.84
150	11	114	0.28	2025-07-18 23:06:02.84
152	11	115	6.93	2025-07-18 23:06:02.84
205	15	1	2.00	2025-07-18 23:06:02.84
213	15	7	1.00	2025-07-18 23:06:02.84
210	15	49	1.00	2025-07-18 23:06:02.84
215	15	73	2.50	2025-07-18 23:06:02.84
208	15	89	4.00	2025-07-18 23:06:02.84
203	15	150	78.25	2025-07-18 23:06:02.84
204	15	151	1.00	2025-07-18 23:06:02.84
206	15	152	1.50	2025-07-18 23:06:02.84
207	15	153	0.60	2025-07-18 23:06:02.84
209	15	154	0.10	2025-07-18 23:06:02.84
211	15	155	0.50	2025-07-18 23:06:02.84
212	15	156	0.70	2025-07-18 23:06:02.84
214	15	157	1.00	2025-07-18 23:06:02.84
216	15	158	1.00	2025-07-18 23:06:02.84
217	15	159	1.00	2025-07-18 23:06:02.84
218	15	160	1.00	2025-07-18 23:06:02.84
219	15	161	1.00	2025-07-18 23:06:02.84
220	15	162	1.00	2025-07-18 23:06:02.84
221	15	163	0.05	2025-07-18 23:06:02.84
222	15	164	0.80	2025-07-18 23:06:02.84
153	11	116	0.14	2025-07-18 23:06:02.84
1337	64	543	96.05	2025-07-18 19:17:16.766939
1338	64	1	1.00	2025-07-18 19:17:16.766939
1339	64	563	2.00	2025-07-18 19:17:16.766939
1340	64	495	0.05	2025-07-18 19:17:16.766939
1341	64	510	0.10	2025-07-18 19:17:16.766939
257	18	41	0.65	2025-07-18 23:06:02.84
256	18	186	0.50	2025-07-18 23:06:02.84
258	18	187	2.46	2025-07-18 23:06:02.84
259	18	188	1.00	2025-07-18 23:06:02.84
260	18	189	4.45	2025-07-18 23:06:02.84
261	18	190	0.02	2025-07-18 23:06:02.84
262	18	191	0.07	2025-07-18 23:06:02.84
263	18	192	0.25	2025-07-18 23:06:02.84
264	18	193	0.04	2025-07-18 23:06:02.84
265	18	194	0.03	2025-07-18 23:06:02.84
266	18	195	1.85	2025-07-18 23:06:02.84
1272	47	405	0.20	2025-07-18 19:05:21.021678
1273	47	406	0.01	2025-07-18 19:05:21.021678
1274	47	272	1.00	2025-07-18 19:05:21.021678
1275	47	84	1.00	2025-07-18 19:05:21.021678
1276	47	256	1.00	2025-07-18 19:05:21.021678
1277	47	55	0.40	2025-07-18 19:05:21.021678
1278	47	104	0.24	2025-07-18 19:05:21.021678
1279	47	207	1.00	2025-07-18 19:05:21.021678
1328	63	17	56.00	2025-07-18 19:17:16.757911
1329	63	535	3.00	2025-07-18 19:17:16.757911
1330	63	37	22.00	2025-07-18 19:17:16.757911
1331	63	228	5.00	2025-07-18 19:17:16.757911
1332	63	499	10.00	2025-07-18 19:17:16.757911
1333	63	262	2.00	2025-07-18 19:17:16.757911
1334	63	544	0.00	2025-07-18 19:17:16.757911
1335	63	26	0.00	2025-07-18 19:17:16.757911
1336	63	504	0.00	2025-07-18 19:17:16.757911
1342	65	493	59.00	2025-07-18 19:17:16.77279
1343	65	266	5.00	2025-07-18 19:17:16.77279
1344	65	129	25.00	2025-07-18 19:17:16.77279
1345	65	508	1.00	2025-07-18 19:17:16.77279
1346	65	551	5.00	2025-07-18 19:17:16.77279
1347	65	523	1.00	2025-07-18 19:17:16.77279
1348	65	562	1.00	2025-07-18 19:17:16.77279
1358	66	539	0.00	2025-07-18 19:17:16.779638
338	23	4	70.15	2025-07-18 23:06:02.84
291	20	41	2.94	2025-07-18 23:06:02.84
293	20	119	76.73	2025-07-18 23:06:02.84
292	20	187	0.50	2025-07-18 23:06:02.84
290	20	205	0.05	2025-07-18 23:06:02.84
294	20	206	17.78	2025-07-18 23:06:02.84
295	20	207	1.00	2025-07-18 23:06:02.84
296	20	208	1.00	2025-07-18 23:06:02.84
1138	35	17	82.30	2025-07-18 18:45:19.547565
1139	35	368	2.00	2025-07-18 18:45:19.547565
1140	35	338	2.00	2025-07-18 18:45:19.547565
1141	35	369	2.00	2025-07-18 18:45:19.547565
1142	35	335	2.00	2025-07-18 18:45:19.547565
1143	35	27	2.00	2025-07-18 18:45:19.547565
1144	35	29	1.00	2025-07-18 18:45:19.547565
1145	35	19	5.00	2025-07-18 18:45:19.547565
1146	35	21	1.00	2025-07-18 18:45:19.547565
1147	35	372	0.10	2025-07-18 18:45:19.547565
1148	35	373	0.10	2025-07-18 18:45:19.547565
1149	35	375	0.20	2025-07-18 18:45:19.547565
1150	35	376	0.20	2025-07-18 18:45:19.547565
1151	35	61	0.10	2025-07-18 18:45:19.547565
1193	16	4	76.50	2025-07-18 18:56:47.188931
1194	16	1	2.00	2025-07-18 18:56:47.188931
1195	16	41	0.30	2025-07-18 18:56:47.188931
1196	16	9	4.00	2025-07-18 18:56:47.188931
1197	16	48	0.75	2025-07-18 18:56:47.188931
1198	16	167	3.00	2025-07-18 18:56:47.188931
1199	16	131	2.00	2025-07-18 18:56:47.188931
1200	16	169	2.00	2025-07-18 18:56:47.188931
1201	16	6	2.00	2025-07-18 18:56:47.188931
1202	16	14	1.00	2025-07-18 18:56:47.188931
1203	16	13	1.00	2025-07-18 18:56:47.188931
1204	16	50	2.00	2025-07-18 18:56:47.188931
1205	16	15	0.80	2025-07-18 18:56:47.188931
1206	16	111	0.35	2025-07-18 18:56:47.188931
1207	16	55	0.20	2025-07-18 18:56:47.188931
1208	16	174	0.10	2025-07-18 18:56:47.188931
1209	16	176	1.00	2025-07-18 18:56:47.188931
1210	16	179	1.00	2025-07-18 18:56:47.188931
1280	47	68	0.40	2025-07-18 19:05:21.021678
335	23	1	2.00	2025-07-18 23:06:02.84
346	23	7	5.00	2025-07-18 23:06:02.84
357	23	15	0.80	2025-07-18 23:06:02.84
336	23	40	3.00	2025-07-18 23:06:02.84
342	23	42	3.00	2025-07-18 23:06:02.84
345	23	95	2.00	2025-07-18 23:06:02.84
339	23	102	0.05	2025-07-18 23:06:02.84
350	23	123	0.50	2025-07-18 23:06:02.84
337	23	153	0.40	2025-07-18 23:06:02.84
347	23	198	2.00	2025-07-18 23:06:02.84
353	23	217	0.20	2025-07-18 23:06:02.84
358	23	224	0.20	2025-07-18 23:06:02.84
340	23	225	1.00	2025-07-18 23:06:02.84
341	23	226	0.30	2025-07-18 23:06:02.84
343	23	227	1.00	2025-07-18 23:06:02.84
344	23	228	3.00	2025-07-18 23:06:02.84
348	23	229	2.00	2025-07-18 23:06:02.84
349	23	230	0.50	2025-07-18 23:06:02.84
351	23	231	0.50	2025-07-18 23:06:02.84
352	23	232	0.50	2025-07-18 23:06:02.84
354	23	233	1.00	2025-07-18 23:06:02.84
355	23	234	0.40	2025-07-18 23:06:02.84
356	23	235	0.50	2025-07-18 23:06:02.84
1505	79	2	4.00	2025-07-18 19:18:09.683173
1506	79	1	10.00	2025-07-18 19:18:09.683173
1507	79	6	32.00	2025-07-18 19:18:09.683173
1508	79	59	20.00	2025-07-18 19:18:09.683173
1509	79	40	20.00	2025-07-18 19:18:09.683173
1510	79	111	0.40	2025-07-18 19:18:09.683173
1511	79	9	0.40	2025-07-18 19:18:09.683173
1512	79	99	1.60	2025-07-18 19:18:09.683173
1513	80	342	6.00	2025-07-18 19:18:09.686391
1514	80	29	6.00	2025-07-18 19:18:09.686391
1515	80	182	5.00	2025-07-18 19:18:09.686391
1516	80	531	10.00	2025-07-18 19:18:09.686391
1517	80	49	4.30	2025-07-18 19:18:09.686391
1518	80	34	5.00	2025-07-18 19:18:09.686391
1519	80	309	10.00	2025-07-18 19:18:09.686391
1520	80	45	0.50	2025-07-18 19:18:09.686391
1521	80	5	0.20	2025-07-18 19:18:09.686391
1522	80	446	0.80	2025-07-18 19:18:09.686391
1523	80	47	2.00	2025-07-18 19:18:09.686391
1524	80	40	2.00	2025-07-18 19:18:09.686391
1359	66	39	1.00	2025-07-18 19:17:16.779638
1360	66	383	1.00	2025-07-18 19:17:16.779638
1361	66	488	1.00	2025-07-18 19:17:16.779638
1362	66	546	0.00	2025-07-18 19:17:16.779638
1069	46	4	28.40	2025-07-18 18:40:45.932265
1070	46	56	10.00	2025-07-18 18:40:45.932265
415	29	1	5.00	2025-07-18 23:06:02.84
413	29	4	68.89	2025-07-18 23:06:02.84
417	29	58	1.00	2025-07-18 23:06:02.84
418	29	59	10.00	2025-07-18 23:06:02.84
421	29	62	1.00	2025-07-18 23:06:02.84
425	29	64	0.80	2025-07-18 23:06:02.84
419	29	255	7.00	2025-07-18 23:06:02.84
426	29	257	1.00	2025-07-18 23:06:02.84
427	29	258	0.30	2025-07-18 23:06:02.84
414	29	270	0.01	2025-07-18 23:06:02.84
416	29	271	1.00	2025-07-18 23:06:02.84
420	29	272	1.00	2025-07-18 23:06:02.84
422	29	273	1.00	2025-07-18 23:06:02.84
423	29	274	1.00	2025-07-18 23:06:02.84
424	29	275	1.00	2025-07-18 23:06:02.84
1175	37	4	47.90	2025-07-18 18:55:06.197958
80	7	4	72.00	2025-07-18 23:06:02.84
827	41	4	64.65	2025-07-18 18:12:06.72211
794	55	464	2.13	2025-07-18 23:06:02.84
795	55	465	5.31	2025-07-18 23:06:02.84
796	55	466	0.64	2025-07-18 23:06:02.84
137	11	1	4.16	2025-07-18 23:06:02.84
139	11	4	27.72	2025-07-18 23:06:02.84
1071	46	48	0.50	2025-07-18 18:40:45.932265
1072	46	40	5.20	2025-07-18 18:40:45.932265
1073	46	15	0.80	2025-07-18 18:40:45.932265
1074	46	55	0.20	2025-07-18 18:40:45.932265
1075	46	131	10.00	2025-07-18 18:40:45.932265
1076	46	6	5.00	2025-07-18 18:40:45.932265
1077	46	133	8.00	2025-07-18 18:40:45.932265
1078	46	134	4.00	2025-07-18 18:40:45.932265
1079	46	5	1.00	2025-07-18 18:40:45.932265
1080	46	135	1.70	2025-07-18 18:40:45.932265
1081	46	136	0.20	2025-07-18 18:40:45.932265
1082	46	137	1.00	2025-07-18 18:40:45.932265
1083	46	18	10.00	2025-07-18 18:40:45.932265
1084	46	31	2.00	2025-07-18 18:40:45.932265
136	11	41	0.55	2025-07-18 23:06:02.84
151	11	61	1.39	2025-07-18 23:06:02.84
97	8	1	7.66	2025-07-18 23:06:02.84
99	8	7	3.06	2025-07-18 23:06:02.84
103	8	13	1.53	2025-07-18 23:06:02.84
98	8	49	4.59	2025-07-18 23:06:02.84
107	8	64	1.23	2025-07-18 23:06:02.84
93	8	76	61.26	2025-07-18 23:06:02.84
94	8	77	7.66	2025-07-18 23:06:02.84
95	8	78	0.77	2025-07-18 23:06:02.84
100	8	79	1.53	2025-07-18 23:06:02.84
101	8	80	3.06	2025-07-18 23:06:02.84
102	8	81	4.59	2025-07-18 23:06:02.84
104	8	82	1.53	2025-07-18 23:06:02.84
105	8	83	0.77	2025-07-18 23:06:02.84
106	8	84	0.77	2025-07-18 23:06:02.84
1085	46	138	2.00	2025-07-18 18:40:45.932265
1086	46	47	1.00	2025-07-18 18:40:45.932265
1087	46	9	2.00	2025-07-18 18:40:45.932265
1088	46	140	7.00	2025-07-18 18:40:45.932265
1211	33	4	76.50	2025-07-18 18:57:41.13073
1212	33	292	2.50	2025-07-18 18:57:41.13073
1213	33	1	2.00	2025-07-18 18:57:41.13073
1214	33	40	2.00	2025-07-18 18:57:41.13073
1215	33	31	2.00	2025-07-18 18:57:41.13073
1216	33	18	8.00	2025-07-18 18:57:41.13073
1217	33	197	2.00	2025-07-18 18:57:41.13073
1218	33	131	4.00	2025-07-18 18:57:41.13073
1219	33	15	0.80	2025-07-18 18:57:41.13073
1220	33	90	0.10	2025-07-18 18:57:41.13073
1221	33	84	0.10	2025-07-18 18:57:41.13073
1281	43	17	82.30	2025-07-18 19:05:43.671115
1282	43	368	2.00	2025-07-18 19:05:43.671115
1283	43	338	2.00	2025-07-18 19:05:43.671115
1284	43	369	2.00	2025-07-18 19:05:43.671115
1285	43	335	2.00	2025-07-18 19:05:43.671115
1286	43	27	2.00	2025-07-18 19:05:43.671115
530	38	1	2.00	2025-07-18 23:06:02.84
532	38	4	69.25	2025-07-18 23:06:02.84
533	38	7	6.00	2025-07-18 23:06:02.84
529	38	41	0.40	2025-07-18 23:06:02.84
534	38	46	1.00	2025-07-18 23:06:02.84
536	38	49	2.00	2025-07-18 23:06:02.84
543	38	50	2.00	2025-07-18 23:06:02.84
549	38	64	0.80	2025-07-18 23:06:02.84
546	38	83	0.50	2025-07-18 23:06:02.84
542	38	123	0.50	2025-07-18 23:06:02.84
535	38	139	2.00	2025-07-18 23:06:02.84
537	38	297	3.00	2025-07-18 23:06:02.84
531	38	331	0.05	2025-07-18 23:06:02.84
538	38	332	1.00	2025-07-18 23:06:02.84
539	38	333	2.00	2025-07-18 23:06:02.84
540	38	334	2.00	2025-07-18 23:06:02.84
541	38	335	0.50	2025-07-18 23:06:02.84
544	38	336	3.00	2025-07-18 23:06:02.84
545	38	337	1.00	2025-07-18 23:06:02.84
1287	43	29	1.00	2025-07-18 19:05:43.671115
1288	43	19	5.00	2025-07-18 19:05:43.671115
1289	43	21	1.00	2025-07-18 19:05:43.671115
1290	43	372	0.10	2025-07-18 19:05:43.671115
1291	43	373	0.10	2025-07-18 19:05:43.671115
1292	43	375	0.20	2025-07-18 19:05:43.671115
1293	43	376	0.20	2025-07-18 19:05:43.671115
1294	43	61	0.10	2025-07-18 19:05:43.671115
1295	24	236	34.20	2025-07-18 19:05:43.671115
1296	24	18	20.00	2025-07-18 19:05:43.671115
1297	24	237	10.00	2025-07-18 19:05:43.671115
1298	24	238	25.00	2025-07-18 19:05:43.671115
1299	24	19	5.00	2025-07-18 19:05:43.671115
1300	24	27	2.00	2025-07-18 19:05:43.671115
1301	24	240	2.00	2025-07-18 19:05:43.671115
1302	24	20	1.00	2025-07-18 19:05:43.671115
1303	24	25	0.10	2025-07-18 19:05:43.671115
1304	24	242	0.50	2025-07-18 19:05:43.671115
1305	24	65	0.20	2025-07-18 19:05:43.671115
547	38	338	0.50	2025-07-18 23:06:02.84
548	38	339	0.10	2025-07-18 23:06:02.84
550	38	340	0.40	2025-07-18 23:06:02.84
1089	27	4	91.50	2025-07-18 18:41:26.737847
1090	27	2	1.00	2025-07-18 18:41:26.737847
1091	27	40	3.00	2025-07-18 18:41:26.737847
1092	27	103	3.00	2025-07-18 18:41:26.737847
1093	27	56	0.50	2025-07-18 18:41:26.737847
1094	27	285	0.20	2025-07-18 18:41:26.737847
1095	27	15	0.80	2025-07-18 18:41:26.737847
1222	25	1	2.00	2025-07-18 18:58:47.133811
1223	25	2	0.50	2025-07-18 18:58:47.133811
1224	25	4	61.80	2025-07-18 18:58:47.133811
1225	25	56	2.00	2025-07-18 18:58:47.133811
1226	25	245	10.00	2025-07-18 18:58:47.133811
1227	25	20	2.00	2025-07-18 18:58:47.133811
1228	25	31	1.00	2025-07-18 18:58:47.133811
1229	25	7	1.00	2025-07-18 18:58:47.133811
1230	25	156	0.70	2025-07-18 18:58:47.133811
1231	25	207	2.00	2025-07-18 18:58:47.133811
1232	25	98	10.00	2025-07-18 18:58:47.133811
1233	25	250	3.00	2025-07-18 18:58:47.133811
1234	25	251	2.00	2025-07-18 18:58:47.133811
1235	25	252	2.00	2025-07-18 18:58:47.133811
606	42	119	83.45	2025-07-18 23:06:02.84
607	42	364	8.00	2025-07-18 23:06:02.84
608	42	365	1.50	2025-07-18 23:06:02.84
609	42	366	7.00	2025-07-18 23:06:02.84
1447	74	521	43.50	2025-07-18 19:18:09.64929
1448	74	513	45.00	2025-07-18 19:18:09.64929
1449	75	496	70.60	2025-07-18 19:18:09.651972
1450	75	293	2.00	2025-07-18 19:18:09.651972
1451	75	89	3.00	2025-07-18 19:18:09.651972
1452	75	153	0.50	2025-07-18 19:18:09.651972
1453	75	152	0.50	2025-07-18 19:18:09.651972
1454	75	7	4.00	2025-07-18 19:18:09.651972
1455	75	139	2.00	2025-07-18 19:18:09.651972
1456	75	9	1.00	2025-07-18 19:18:09.651972
1457	75	49	3.00	2025-07-18 19:18:09.651972
1458	75	198	2.00	2025-07-18 19:18:09.651972
1459	75	50	4.00	2025-07-18 19:18:09.651972
1460	75	83	0.50	2025-07-18 19:18:09.651972
1461	75	53	2.00	2025-07-18 19:18:09.651972
1462	75	162	0.50	2025-07-18 19:18:09.651972
1463	75	15	0.80	2025-07-18 19:18:09.651972
1464	75	210	0.10	2025-07-18 19:18:09.651972
1465	75	224	0.10	2025-07-18 19:18:09.651972
638	45	37	70.00	2025-07-18 23:06:02.84
641	45	136	1.00	2025-07-18 23:06:02.84
639	45	371	4.00	2025-07-18 23:06:02.84
640	45	388	10.00	2025-07-18 23:06:02.84
642	45	389	4.00	2025-07-18 23:06:02.84
643	45	390	8.00	2025-07-18 23:06:02.84
644	45	391	0.20	2025-07-18 23:06:02.84
645	45	392	1.00	2025-07-18 23:06:02.84
646	45	393	1.00	2025-07-18 23:06:02.84
647	45	394	0.20	2025-07-18 23:06:02.84
648	45	395	0.20	2025-07-18 23:06:02.84
649	45	396	0.20	2025-07-18 23:06:02.84
650	45	397	0.20	2025-07-18 23:06:02.84
1411	70	204	0.00	2025-07-18 19:18:09.593852
1412	72	119	76.00	2025-07-18 19:18:09.625191
1413	72	292	3.00	2025-07-18 19:18:09.625191
1414	72	1	2.00	2025-07-18 19:18:09.625191
1415	72	40	2.00	2025-07-18 19:18:09.625191
1416	72	534	2.00	2025-07-18 19:18:09.625191
1417	72	295	8.00	2025-07-18 19:18:09.625191
728	50	427	42.20	2025-07-18 23:06:02.84
806	57	476	62.11	2025-07-18 23:06:02.84
783	54	185	34.60	2025-07-18 23:06:02.84
1096	39	4	85.00	2025-07-18 18:42:30.697447
1097	39	1	2.00	2025-07-18 18:42:30.697447
1098	39	152	1.50	2025-07-18 18:42:30.697447
1099	39	104	0.60	2025-07-18 18:42:30.697447
1100	39	351	2.00	2025-07-18 18:42:30.697447
1101	39	156	1.00	2025-07-18 18:42:30.697447
1102	39	7	1.00	2025-07-18 18:42:30.697447
1103	39	31	1.50	2025-07-18 18:42:30.697447
1104	39	13	2.50	2025-07-18 18:42:30.697447
1105	39	384	1.00	2025-07-18 18:42:30.697447
1106	39	53	1.00	2025-07-18 18:42:30.697447
1107	39	16	0.10	2025-07-18 18:42:30.697447
1108	39	15	0.80	2025-07-18 18:42:30.697447
1159	26	236	34.20	2025-07-18 18:47:01.447538
1160	26	18	20.00	2025-07-18 18:47:01.447538
1161	26	237	10.00	2025-07-18 18:47:01.447538
1162	26	238	25.00	2025-07-18 18:47:01.447538
1163	26	19	5.00	2025-07-18 18:47:01.447538
1164	26	27	2.00	2025-07-18 18:47:01.447538
1165	26	240	2.00	2025-07-18 18:47:01.447538
1166	26	20	1.00	2025-07-18 18:47:01.447538
1167	26	25	0.10	2025-07-18 18:47:01.447538
1168	26	242	0.50	2025-07-18 18:47:01.447538
1169	26	65	0.20	2025-07-18 18:47:01.447538
1236	34	4	87.45	2025-07-18 18:59:36.397204
1237	34	40	3.00	2025-07-18 18:59:36.397204
1238	34	103	3.00	2025-07-18 18:59:36.397204
1239	34	56	0.50	2025-07-18 18:59:36.397204
1240	34	275	1.00	2025-07-18 18:59:36.397204
1241	34	272	1.00	2025-07-18 18:59:36.397204
1242	34	201	0.05	2025-07-18 18:59:36.397204
1243	34	252	4.00	2025-07-18 18:59:36.397204
762	53	4	85.45	2025-07-18 23:06:02.84
742	51	37	93.20	2025-07-18 23:06:02.84
785	55	1	10.63	2025-07-18 23:06:02.84
793	55	17	1.06	2025-07-18 23:06:02.84
789	55	43	1.06	2025-07-18 23:06:02.84
786	55	180	0.53	2025-07-18 23:06:02.84
784	55	458	60.57	2025-07-18 23:06:02.84
787	55	459	2.13	2025-07-18 23:06:02.84
730	50	2	0.70	2025-07-18 23:06:02.84
733	50	139	4.00	2025-07-18 23:06:02.84
727	50	426	10.00	2025-07-18 23:06:02.84
729	50	428	5.00	2025-07-18 23:06:02.84
731	50	429	8.00	2025-07-18 23:06:02.84
732	50	430	4.00	2025-07-18 23:06:02.84
734	50	431	3.00	2025-07-18 23:06:02.84
735	50	432	1.50	2025-07-18 23:06:02.84
736	50	433	15.00	2025-07-18 23:06:02.84
737	50	434	4.00	2025-07-18 23:06:02.84
738	50	435	0.50	2025-07-18 23:06:02.84
739	50	436	0.80	2025-07-18 23:06:02.84
740	50	437	0.50	2025-07-18 23:06:02.84
741	50	438	0.80	2025-07-18 23:06:02.84
753	51	27	1.00	2025-07-18 23:06:02.84
748	51	29	0.50	2025-07-18 23:06:02.84
746	51	34	1.00	2025-07-18 23:06:02.84
749	51	38	0.30	2025-07-18 23:06:02.84
751	51	218	0.10	2025-07-18 23:06:02.84
750	51	395	0.30	2025-07-18 23:06:02.84
743	51	439	1.00	2025-07-18 23:06:02.84
744	51	440	1.00	2025-07-18 23:06:02.84
745	51	441	1.00	2025-07-18 23:06:02.84
747	51	442	0.50	2025-07-18 23:06:02.84
752	51	443	0.10	2025-07-18 23:06:02.84
758	52	29	17.00	2025-07-18 23:06:02.84
754	52	132	20.00	2025-07-18 23:06:02.84
755	52	182	20.00	2025-07-18 23:06:02.84
759	52	183	1.00	2025-07-18 23:06:02.84
756	52	444	25.00	2025-07-18 23:06:02.84
757	52	445	15.00	2025-07-18 23:06:02.84
760	52	446	1.00	2025-07-18 23:06:02.84
761	52	447	1.00	2025-07-18 23:06:02.84
765	53	91	0.10	2025-07-18 23:06:02.84
763	53	448	0.05	2025-07-18 23:06:02.84
764	53	449	4.00	2025-07-18 23:06:02.84
766	53	450	1.30	2025-07-18 23:06:02.84
767	53	451	1.50	2025-07-18 23:06:02.84
768	53	452	4.00	2025-07-18 23:06:02.84
769	53	453	1.00	2025-07-18 23:06:02.84
770	53	454	1.00	2025-07-18 23:06:02.84
771	53	455	0.10	2025-07-18 23:06:02.84
772	53	456	1.50	2025-07-18 23:06:02.84
778	54	22	6.50	2025-07-18 23:06:02.84
773	54	28	19.50	2025-07-18 23:06:02.84
775	54	34	6.50	2025-07-18 23:06:02.84
781	54	77	1.95	2025-07-18 23:06:02.84
776	54	132	13.00	2025-07-18 23:06:02.84
774	54	139	6.50	2025-07-18 23:06:02.84
777	54	182	6.50	2025-07-18 23:06:02.84
779	54	183	1.30	2025-07-18 23:06:02.84
780	54	184	3.25	2025-07-18 23:06:02.84
782	54	457	0.40	2025-07-18 23:06:02.84
797	56	467	85.00	2025-07-18 23:06:02.84
798	56	468	1.40	2025-07-18 23:06:02.84
799	56	469	0.34	2025-07-18 23:06:02.84
800	56	470	1.38	2025-07-18 23:06:02.84
801	56	471	1.49	2025-07-18 23:06:02.84
802	56	472	1.33	2025-07-18 23:06:02.84
803	56	473	1.75	2025-07-18 23:06:02.84
804	56	474	1.05	2025-07-18 23:06:02.84
805	56	475	6.26	2025-07-18 23:06:02.84
807	57	1	2.00	2025-07-18 23:06:02.84
818	57	17	0.78	2025-07-18 23:06:02.84
820	57	144	13.37	2025-07-18 23:06:02.84
821	57	145	1.39	2025-07-18 23:06:02.84
811	57	148	0.17	2025-07-18 23:06:02.84
808	57	477	0.06	2025-07-18 23:06:02.84
809	57	478	0.04	2025-07-18 23:06:02.84
810	57	479	0.01	2025-07-18 23:06:02.84
812	57	480	0.41	2025-07-18 23:06:02.84
813	57	481	0.00	2025-07-18 23:06:02.84
814	57	482	0.00	2025-07-18 23:06:02.84
815	57	483	0.12	2025-07-18 23:06:02.84
816	57	484	0.13	2025-07-18 23:06:02.84
788	55	460	1.06	2025-07-18 23:06:02.84
790	55	461	7.44	2025-07-18 23:06:02.84
791	55	462	5.31	2025-07-18 23:06:02.84
792	55	463	2.13	2025-07-18 23:06:02.84
817	57	485	1.52	2025-07-18 23:06:02.84
819	57	486	0.35	2025-07-18 23:06:02.84
822	57	487	17.54	2025-07-18 23:06:02.84
823	41	1	2.00	2025-07-18 18:12:06.72211
824	41	40	3.00	2025-07-18 18:12:06.72211
825	41	56	0.05	2025-07-18 18:12:06.72211
826	41	153	0.30	2025-07-18 18:12:06.72211
828	41	7	6.00	2025-07-18 18:12:06.72211
829	41	46	1.00	2025-07-18 18:12:06.72211
830	41	47	2.00	2025-07-18 18:12:06.72211
831	41	354	2.00	2025-07-18 18:12:06.72211
832	41	31	0.50	2025-07-18 18:12:06.72211
833	41	317	5.00	2025-07-18 18:12:06.72211
834	41	135	1.00	2025-07-18 18:12:06.72211
835	41	43	1.50	2025-07-18 18:12:06.72211
836	41	10	1.50	2025-07-18 18:12:06.72211
837	41	123	1.00	2025-07-18 18:12:06.72211
838	41	131	2.00	2025-07-18 18:12:06.72211
839	41	232	1.00	2025-07-18 18:12:06.72211
840	41	27	1.00	2025-07-18 18:12:06.72211
841	41	61	0.80	2025-07-18 18:12:06.72211
842	41	65	0.50	2025-07-18 18:12:06.72211
843	41	360	0.50	2025-07-18 18:12:06.72211
844	41	240	0.50	2025-07-18 18:12:06.72211
845	41	33	1.00	2025-07-18 18:12:06.72211
846	41	15	0.80	2025-07-18 18:12:06.72211
847	41	55	0.40	2025-07-18 18:12:06.72211
849	49	56	0.10	2025-07-18 18:16:42.792948
850	49	225	1.00	2025-07-18 18:16:42.792948
851	49	45	0.30	2025-07-18 18:16:42.792948
852	49	1	2.00	2025-07-18 18:16:42.792948
853	49	40	3.00	2025-07-18 18:16:42.792948
854	49	153	0.40	2025-07-18 18:16:42.792948
855	49	42	3.00	2025-07-18 18:16:42.792948
856	49	10	1.00	2025-07-18 18:16:42.792948
857	49	135	3.00	2025-07-18 18:16:42.792948
858	49	47	2.00	2025-07-18 18:16:42.792948
859	49	7	5.00	2025-07-18 18:16:42.792948
860	49	51	2.00	2025-07-18 18:16:42.792948
861	49	131	2.00	2025-07-18 18:16:42.792948
862	49	230	0.50	2025-07-18 18:16:42.792948
863	49	123	0.50	2025-07-18 18:16:42.792948
864	49	232	0.50	2025-07-18 18:16:42.792948
865	49	65	0.20	2025-07-18 18:16:42.792948
866	49	84	1.00	2025-07-18 18:16:42.792948
867	49	53	0.40	2025-07-18 18:16:42.792948
868	49	27	0.50	2025-07-18 18:16:42.792948
869	49	15	0.80	2025-07-18 18:16:42.792948
870	49	55	0.20	2025-07-18 18:16:42.792948
871	36	153	0.80	2025-07-18 18:17:46.40621
872	36	40	4.00	2025-07-18 18:17:46.40621
873	36	201	0.10	2025-07-18 18:17:46.40621
875	36	1	2.00	2025-07-18 18:17:46.40621
876	36	118	0.50	2025-07-18 18:17:46.40621
877	36	31	1.00	2025-07-18 18:17:46.40621
878	36	131	1.00	2025-07-18 18:17:46.40621
879	36	48	1.00	2025-07-18 18:17:46.40621
880	36	7	2.00	2025-07-18 18:17:46.40621
881	36	316	1.00	2025-07-18 18:17:46.40621
882	36	11	2.00	2025-07-18 18:17:46.40621
883	36	318	1.00	2025-07-18 18:17:46.40621
884	36	319	1.00	2025-07-18 18:17:46.40621
885	36	90	0.50	2025-07-18 18:17:46.40621
886	36	15	0.80	2025-07-18 18:17:46.40621
887	36	55	0.30	2025-07-18 18:17:46.40621
889	31	58	0.50	2025-07-18 18:20:49.343441
890	31	153	0.50	2025-07-18 18:20:49.343441
891	31	103	4.00	2025-07-18 18:20:49.343441
892	31	40	2.00	2025-07-18 18:20:49.343441
893	31	282	2.00	2025-07-18 18:20:49.343441
894	31	283	1.00	2025-07-18 18:20:49.343441
895	31	83	0.50	2025-07-18 18:20:49.343441
896	31	285	2.00	2025-07-18 18:20:49.343441
897	31	286	1.00	2025-07-18 18:20:49.343441
898	31	13	1.00	2025-07-18 18:20:49.343441
899	31	287	0.50	2025-07-18 18:20:49.343441
900	31	53	1.00	2025-07-18 18:20:49.343441
901	31	15	0.80	2025-07-18 18:20:49.343441
902	31	55	0.30	2025-07-18 18:20:49.343441
903	21	4	73.25	2025-07-18 18:23:34.237807
904	21	209	10.00	2025-07-18 18:23:34.237807
905	21	1	2.00	2025-07-18 18:23:34.237807
906	21	201	0.10	2025-07-18 18:23:34.237807
907	21	211	0.40	2025-07-18 18:23:34.237807
908	21	6	2.00	2025-07-18 18:23:34.237807
909	21	11	1.00	2025-07-18 18:23:34.237807
910	21	9	2.00	2025-07-18 18:23:34.237807
911	21	212	2.00	2025-07-18 18:23:34.237807
912	21	213	2.00	2025-07-18 18:23:34.237807
913	21	51	2.00	2025-07-18 18:23:34.237807
914	21	50	1.00	2025-07-18 18:23:34.237807
915	21	193	0.40	2025-07-18 18:23:34.237807
916	21	61	0.40	2025-07-18 18:23:34.237807
917	21	65	0.20	2025-07-18 18:23:34.237807
918	21	218	0.05	2025-07-18 18:23:34.237807
919	21	15	0.80	2025-07-18 18:23:34.237807
920	21	55	0.40	2025-07-18 18:23:34.237807
921	12	56	1.00	2025-07-18 18:25:23.36038
922	12	2	0.30	2025-07-18 18:25:23.36038
923	12	40	2.00	2025-07-18 18:25:23.36038
924	12	1	2.00	2025-07-18 18:25:23.36038
925	12	118	0.50	2025-07-18 18:25:23.36038
926	12	58	0.50	2025-07-18 18:25:23.36038
928	12	47	2.00	2025-07-18 18:25:23.36038
929	12	7	6.00	2025-07-18 18:25:23.36038
930	12	31	2.00	2025-07-18 18:25:23.36038
931	12	18	7.00	2025-07-18 18:25:23.36038
932	12	122	1.00	2025-07-18 18:25:23.36038
933	12	123	2.00	2025-07-18 18:25:23.36038
934	12	11	3.00	2025-07-18 18:25:23.36038
935	12	61	1.00	2025-07-18 18:25:23.36038
936	12	84	1.00	2025-07-18 18:25:23.36038
937	12	26	0.10	2025-07-18 18:25:23.36038
938	12	15	0.80	2025-07-18 18:25:23.36038
939	12	55	0.30	2025-07-18 18:25:23.36038
940	19	1	2.00	2025-07-18 18:28:20.315271
941	19	40	4.00	2025-07-18 18:28:20.315271
942	19	153	0.40	2025-07-18 18:28:20.315271
943	19	152	5.00	2025-07-18 18:28:20.315271
944	19	196	0.30	2025-07-18 18:28:20.315271
945	19	4	57.80	2025-07-18 18:28:20.315271
946	19	48	1.50	2025-07-18 18:28:20.315271
947	19	9	4.00	2025-07-18 18:28:20.315271
948	19	46	1.00	2025-07-18 18:28:20.315271
949	19	47	2.20	2025-07-18 18:28:20.315271
950	19	43	2.00	2025-07-18 18:28:20.315271
951	19	18	6.00	2025-07-18 18:28:20.315271
952	19	50	3.00	2025-07-18 18:28:20.315271
953	19	42	2.00	2025-07-18 18:28:20.315271
954	19	32	1.00	2025-07-18 18:28:20.315271
955	19	51	1.00	2025-07-18 18:28:20.315271
874	36	4	81.00	2025-07-18 18:17:46.40621
848	49	4	70.60	2025-07-18 18:16:42.792948
956	19	113	3.00	2025-07-18 18:28:20.315271
957	19	137	1.00	2025-07-18 18:28:20.315271
958	19	15	0.80	2025-07-18 18:28:20.315271
959	19	201	0.10	2025-07-18 18:28:20.315271
960	19	202	0.50	2025-07-18 18:28:20.315271
961	19	53	1.00	2025-07-18 18:28:20.315271
962	19	55	0.40	2025-07-18 18:28:20.315271
963	28	4	78.80	2025-07-18 18:29:10.229662
964	28	263	0.80	2025-07-18 18:29:10.229662
965	28	152	10.00	2025-07-18 18:29:10.229662
966	28	196	0.30	2025-07-18 18:29:10.229662
967	28	103	5.00	2025-07-18 18:29:10.229662
968	28	113	0.20	2025-07-18 18:29:10.229662
969	28	267	0.10	2025-07-18 18:29:10.229662
970	28	254	1.00	2025-07-18 18:29:10.229662
971	28	53	1.00	2025-07-18 18:29:10.229662
972	28	13	2.00	2025-07-18 18:29:10.229662
973	28	15	0.80	2025-07-18 18:29:10.229662
974	13	4	27.90	2025-07-18 18:30:09.247021
975	13	56	10.00	2025-07-18 18:30:09.247021
976	13	48	0.50	2025-07-18 18:30:09.247021
977	13	40	5.20	2025-07-18 18:30:09.247021
978	13	15	0.80	2025-07-18 18:30:09.247021
979	13	55	0.20	2025-07-18 18:30:09.247021
980	13	131	10.00	2025-07-18 18:30:09.247021
981	13	6	5.00	2025-07-18 18:30:09.247021
982	13	133	8.00	2025-07-18 18:30:09.247021
983	13	134	4.00	2025-07-18 18:30:09.247021
984	13	5	1.00	2025-07-18 18:30:09.247021
985	13	135	1.70	2025-07-18 18:30:09.247021
986	13	136	0.20	2025-07-18 18:30:09.247021
987	13	137	1.00	2025-07-18 18:30:09.247021
988	13	18	10.00	2025-07-18 18:30:09.247021
989	13	31	2.00	2025-07-18 18:30:09.247021
990	13	138	2.00	2025-07-18 18:30:09.247021
991	13	47	1.00	2025-07-18 18:30:09.247021
992	13	9	2.00	2025-07-18 18:30:09.247021
993	13	140	7.00	2025-07-18 18:30:09.247021
994	13	35	0.30	2025-07-18 18:30:09.247021
995	13	142	0.10	2025-07-18 18:30:09.247021
996	13	143	0.10	2025-07-18 18:30:09.247021
997	48	40	4.00	2025-07-18 18:32:04.604805
998	48	153	1.00	2025-07-18 18:32:04.604805
999	48	4	84.94	2025-07-18 18:32:04.604805
1000	48	414	0.50	2025-07-18 18:32:04.604805
1001	48	415	2.00	2025-07-18 18:32:04.604805
1002	48	107	1.00	2025-07-18 18:32:04.604805
1003	48	319	1.00	2025-07-18 18:32:04.604805
1004	48	417	1.00	2025-07-18 18:32:04.604805
1005	48	418	0.05	2025-07-18 18:32:04.604805
1006	48	194	0.01	2025-07-18 18:32:04.604805
1007	48	13	1.00	2025-07-18 18:32:04.604805
1008	48	254	0.30	2025-07-18 18:32:04.604805
1009	48	421	1.00	2025-07-18 18:32:04.604805
1010	48	193	0.40	2025-07-18 18:32:04.604805
1011	48	15	0.80	2025-07-18 18:32:04.604805
1012	48	424	1.00	2025-07-18 18:32:04.604805
1013	44	236	50.00	2025-07-18 18:33:46.740115
1014	44	18	40.00	2025-07-18 18:33:46.740115
1015	44	348	1.00	2025-07-18 18:33:46.740115
1016	44	380	1.00	2025-07-18 18:33:46.740115
1017	44	354	1.00	2025-07-18 18:33:46.740115
1018	44	31	5.00	2025-07-18 18:33:46.740115
1019	44	381	0.50	2025-07-18 18:33:46.740115
1020	44	45	0.20	2025-07-18 18:33:46.740115
1021	44	383	0.10	2025-07-18 18:33:46.740115
1022	44	384	0.40	2025-07-18 18:33:46.740115
1023	44	385	0.10	2025-07-18 18:33:46.740115
1024	44	174	0.50	2025-07-18 18:33:46.740115
1025	44	387	0.20	2025-07-18 18:33:46.740115
1026	22	40	4.00	2025-07-18 18:34:51.246991
1027	22	1	2.00	2025-07-18 18:34:51.246991
1028	22	41	0.30	2025-07-18 18:34:51.246991
1029	22	4	74.00	2025-07-18 18:34:51.246991
1030	22	56	0.10	2025-07-18 18:34:51.246991
1031	22	9	3.00	2025-07-18 18:34:51.246991
1032	22	46	1.00	2025-07-18 18:34:51.246991
1033	22	47	1.00	2025-07-18 18:34:51.246991
1034	22	48	1.00	2025-07-18 18:34:51.246991
1035	22	134	1.00	2025-07-18 18:34:51.246991
1036	22	27	0.50	2025-07-18 18:34:51.246991
1037	22	31	3.00	2025-07-18 18:34:51.246991
1038	22	197	3.00	2025-07-18 18:34:51.246991
1039	22	51	2.00	2025-07-18 18:34:51.246991
1040	22	11	1.00	2025-07-18 18:34:51.246991
1041	22	15	0.80	2025-07-18 18:34:51.246991
1042	22	201	0.10	2025-07-18 18:34:51.246991
1043	22	13	1.00	2025-07-18 18:34:51.246991
1044	22	53	1.00	2025-07-18 18:34:51.246991
1045	22	55	0.20	2025-07-18 18:34:51.246991
1109	17	4	57.65	2025-07-18 18:43:28.377658
1110	17	1	2.00	2025-07-18 18:43:28.377658
1111	17	56	1.00	2025-07-18 18:43:28.377658
1112	17	58	0.10	2025-07-18 18:43:28.377658
1113	17	402	30.00	2025-07-18 18:43:28.377658
1114	17	60	1.00	2025-07-18 18:43:28.377658
1115	17	252	2.00	2025-07-18 18:43:28.377658
1116	17	404	1.00	2025-07-18 18:43:28.377658
1117	17	405	0.20	2025-07-18 18:43:28.377658
1118	17	406	0.01	2025-07-18 18:43:28.377658
1119	17	272	1.00	2025-07-18 18:43:28.377658
1120	17	84	1.00	2025-07-18 18:43:28.377658
1121	17	256	1.00	2025-07-18 18:43:28.377658
1122	17	55	0.40	2025-07-18 18:43:28.377658
1123	17	104	0.24	2025-07-18 18:43:28.377658
1124	17	207	1.00	2025-07-18 18:43:28.377658
1125	17	68	0.40	2025-07-18 18:43:28.377658
1170	37	103	4.00	2025-07-18 18:55:06.197958
1171	37	41	0.40	2025-07-18 18:55:06.197958
1172	37	1	3.00	2025-07-18 18:55:06.197958
1173	37	104	3.00	2025-07-18 18:55:06.197958
1174	37	201	0.20	2025-07-18 18:55:06.197958
1176	37	330	2.00	2025-07-18 18:55:06.197958
1177	37	105	30.00	2025-07-18 18:55:06.197958
1178	37	106	0.20	2025-07-18 18:55:06.197958
1179	37	107	0.10	2025-07-18 18:55:06.197958
1180	37	92	0.10	2025-07-18 18:55:06.197958
1181	37	109	0.20	2025-07-18 18:55:06.197958
1182	37	112	2.00	2025-07-18 18:55:06.197958
1183	37	113	1.00	2025-07-18 18:55:06.197958
1184	37	12	5.00	2025-07-18 18:55:06.197958
1185	37	55	0.10	2025-07-18 18:55:06.197958
1186	37	15	0.80	2025-07-18 18:55:06.197958
1244	32	4	91.50	2025-07-18 19:05:21.021678
1245	32	2	1.00	2025-07-18 19:05:21.021678
1246	32	40	3.00	2025-07-18 19:05:21.021678
1247	32	103	3.00	2025-07-18 19:05:21.021678
1248	32	56	0.50	2025-07-18 19:05:21.021678
1249	32	285	0.20	2025-07-18 19:05:21.021678
1250	32	15	0.80	2025-07-18 19:05:21.021678
1251	40	4	85.00	2025-07-18 19:05:21.021678
1252	40	1	2.00	2025-07-18 19:05:21.021678
1253	40	152	1.50	2025-07-18 19:05:21.021678
1254	40	104	0.60	2025-07-18 19:05:21.021678
1255	40	351	2.00	2025-07-18 19:05:21.021678
1542	82	183	1.00	2025-07-18 19:18:09.699696
1543	82	184	3.00	2025-07-18 19:18:09.699696
1544	82	77	2.00	2025-07-18 19:18:09.699696
1545	82	457	0.00	2025-07-18 19:18:09.699696
1546	82	185	35.00	2025-07-18 19:18:09.699696
1547	83	496	72.00	2025-07-18 19:18:09.704957
1548	83	128	0.00	2025-07-18 19:18:09.704957
1549	83	56	1.00	2025-07-18 19:18:09.704957
1550	83	3	1.00	2025-07-18 19:18:09.704957
1551	83	230	1.00	2025-07-18 19:18:09.704957
1552	83	255	3.00	2025-07-18 19:18:09.704957
1553	84	467	85.00	2025-07-18 19:18:09.711567
1554	84	468	1.00	2025-07-18 19:18:09.711567
1555	84	469	0.00	2025-07-18 19:18:09.711567
1556	84	470	1.00	2025-07-18 19:18:09.711567
1557	84	471	1.00	2025-07-18 19:18:09.711567
1558	84	472	1.00	2025-07-18 19:18:09.711567
1559	84	473	2.00	2025-07-18 19:18:09.711567
1560	84	474	1.00	2025-07-18 19:18:09.711567
1561	84	475	6.00	2025-07-18 19:18:09.711567
1349	65	505	2.00	2025-07-18 19:17:16.77279
1350	66	153	1.00	2025-07-18 19:17:16.779638
1351	66	40	4.00	2025-07-18 19:17:16.779638
1352	66	4	83.00	2025-07-18 19:17:16.779638
1353	66	7	1.00	2025-07-18 19:17:16.779638
1354	66	48	1.00	2025-07-18 19:17:16.779638
1355	66	156	1.00	2025-07-18 19:17:16.779638
1356	66	157	3.00	2025-07-18 19:17:16.779638
1357	66	200	1.00	2025-07-18 19:17:16.779638
1363	67	153	1.00	2025-07-18 19:17:16.790552
1364	67	40	4.00	2025-07-18 19:17:16.790552
1365	67	4	72.00	2025-07-18 19:17:16.790552
1366	67	531	2.00	2025-07-18 19:17:16.790552
1367	67	48	1.00	2025-07-18 19:17:16.790552
1368	67	9	2.00	2025-07-18 19:17:16.790552
1369	67	520	7.00	2025-07-18 19:17:16.790552
1370	67	558	10.00	2025-07-18 19:17:16.790552
1371	67	200	1.00	2025-07-18 19:17:16.790552
1372	67	547	0.00	2025-07-18 19:17:16.790552
1373	67	325	0.00	2025-07-18 19:17:16.790552
1374	68	1	2.00	2025-07-18 19:17:16.798971
1375	68	40	3.00	2025-07-18 19:17:16.798971
1376	68	41	0.00	2025-07-18 19:17:16.798971
1377	68	4	64.00	2025-07-18 19:17:16.798971
1378	68	7	6.00	2025-07-18 19:17:16.798971
1379	68	46	1.00	2025-07-18 19:17:16.798971
1380	68	139	2.00	2025-07-18 19:17:16.798971
1381	68	122	1.00	2025-07-18 19:17:16.798971
1382	68	49	1.00	2025-07-18 19:17:16.798971
1383	68	512	6.00	2025-07-18 19:17:16.798971
1384	68	516	4.00	2025-07-18 19:17:16.798971
1385	68	519	4.00	2025-07-18 19:17:16.798971
1386	68	337	1.00	2025-07-18 19:17:16.798971
1387	68	503	1.00	2025-07-18 19:17:16.798971
1388	68	64	1.00	2025-07-18 19:17:16.798971
1389	68	325	0.00	2025-07-18 19:17:16.798971
1504	78	116	0.00	2025-07-18 19:18:09.673445
1525	81	4	86.00	2025-07-18 19:18:09.69384
1526	81	448	0.00	2025-07-18 19:18:09.69384
1527	81	449	4.00	2025-07-18 19:18:09.69384
1528	81	91	0.00	2025-07-18 19:18:09.69384
1529	81	450	1.00	2025-07-18 19:18:09.69384
1530	81	451	2.00	2025-07-18 19:18:09.69384
1531	81	452	4.00	2025-07-18 19:18:09.69384
1532	81	453	1.00	2025-07-18 19:18:09.69384
1533	81	454	1.00	2025-07-18 19:18:09.69384
1534	81	455	0.00	2025-07-18 19:18:09.69384
1535	81	456	2.00	2025-07-18 19:18:09.69384
1536	82	28	20.00	2025-07-18 19:18:09.699696
1537	82	139	7.00	2025-07-18 19:18:09.699696
1538	82	34	7.00	2025-07-18 19:18:09.699696
1539	82	132	13.00	2025-07-18 19:18:09.699696
1540	82	182	7.00	2025-07-18 19:18:09.699696
1541	82	22	7.00	2025-07-18 19:18:09.699696
1390	70	56	0.00	2025-07-18 19:18:09.593852
1391	70	1	2.00	2025-07-18 19:18:09.593852
1392	70	353	3.00	2025-07-18 19:18:09.593852
1393	70	153	0.00	2025-07-18 19:18:09.593852
1394	70	4	66.00	2025-07-18 19:18:09.593852
1395	70	9	4.00	2025-07-18 19:18:09.593852
1396	70	46	1.00	2025-07-18 19:18:09.593852
1397	70	47	1.00	2025-07-18 19:18:09.593852
1398	70	48	1.00	2025-07-18 19:18:09.593852
1399	70	49	2.00	2025-07-18 19:18:09.593852
1400	70	28	6.00	2025-07-18 19:18:09.593852
1401	70	518	2.00	2025-07-18 19:18:09.593852
1402	70	532	3.00	2025-07-18 19:18:09.593852
1403	70	500	3.00	2025-07-18 19:18:09.593852
1404	70	81	1.00	2025-07-18 19:18:09.593852
1405	70	337	1.00	2025-07-18 19:18:09.593852
1406	70	73	1.00	2025-07-18 19:18:09.593852
1407	70	552	1.00	2025-07-18 19:18:09.593852
1408	70	83	1.00	2025-07-18 19:18:09.593852
1409	70	502	1.00	2025-07-18 19:18:09.593852
1410	70	222	0.00	2025-07-18 19:18:09.593852
1418	72	195	2.00	2025-07-18 19:18:09.625191
1419	72	297	4.00	2025-07-18 19:18:09.625191
1420	72	298	1.00	2025-07-18 19:18:09.625191
1421	72	162	0.00	2025-07-18 19:18:09.625191
1422	72	300	0.00	2025-07-18 19:18:09.625191
1423	72	514	0.00	2025-07-18 19:18:09.625191
1424	73	4	28.00	2025-07-18 19:18:09.636786
1425	73	492	10.00	2025-07-18 19:18:09.636786
1426	73	48	1.00	2025-07-18 19:18:09.636786
1427	73	40	5.00	2025-07-18 19:18:09.636786
1428	73	64	1.00	2025-07-18 19:18:09.636786
1429	73	130	0.00	2025-07-18 19:18:09.636786
1430	73	131	10.00	2025-07-18 19:18:09.636786
1431	73	132	5.00	2025-07-18 19:18:09.636786
1432	73	133	8.00	2025-07-18 19:18:09.636786
1433	73	134	4.00	2025-07-18 19:18:09.636786
1434	73	5	1.00	2025-07-18 19:18:09.636786
1435	73	135	2.00	2025-07-18 19:18:09.636786
1436	73	136	0.00	2025-07-18 19:18:09.636786
1437	73	137	1.00	2025-07-18 19:18:09.636786
1438	73	28	10.00	2025-07-18 19:18:09.636786
1439	73	49	2.00	2025-07-18 19:18:09.636786
1440	73	138	2.00	2025-07-18 19:18:09.636786
1441	73	139	1.00	2025-07-18 19:18:09.636786
1442	73	9	2.00	2025-07-18 19:18:09.636786
1443	73	140	7.00	2025-07-18 19:18:09.636786
1444	73	141	0.00	2025-07-18 19:18:09.636786
1445	73	142	0.00	2025-07-18 19:18:09.636786
1446	73	143	0.00	2025-07-18 19:18:09.636786
1470	77	507	33.00	2025-07-18 19:18:09.667576
1471	77	180	16.00	2025-07-18 19:18:09.667576
1472	77	335	6.00	2025-07-18 19:18:09.667576
1473	77	506	2.00	2025-07-18 19:18:09.667576
1474	77	494	1.00	2025-07-18 19:18:09.667576
1475	77	132	18.00	2025-07-18 19:18:09.667576
1476	77	561	1.00	2025-07-18 19:18:09.667576
1477	77	527	2.00	2025-07-18 19:18:09.667576
1478	77	184	8.00	2025-07-18 19:18:09.667576
1479	77	77	3.00	2025-07-18 19:18:09.667576
1480	78	41	0.00	2025-07-18 19:18:09.673445
1481	78	1	2.00	2025-07-18 19:18:09.673445
1482	78	40	3.00	2025-07-18 19:18:09.673445
1483	78	4	62.00	2025-07-18 19:18:09.673445
1484	78	522	0.00	2025-07-18 19:18:09.673445
1485	78	491	0.00	2025-07-18 19:18:09.673445
1486	78	7	6.00	2025-07-18 19:18:09.673445
1487	78	46	1.00	2025-07-18 19:18:09.673445
1488	78	139	2.00	2025-07-18 19:18:09.673445
1489	78	232	2.00	2025-07-18 19:18:09.673445
1490	78	49	1.00	2025-07-18 19:18:09.673445
1491	78	28	3.00	2025-07-18 19:18:09.673445
1492	78	19	1.00	2025-07-18 19:18:09.673445
1493	78	182	2.00	2025-07-18 19:18:09.673445
1494	78	557	3.00	2025-07-18 19:18:09.673445
1495	78	14	1.00	2025-07-18 19:18:09.673445
1496	78	6	3.00	2025-07-18 19:18:09.673445
1497	78	228	1.00	2025-07-18 19:18:09.673445
1498	78	81	2.00	2025-07-18 19:18:09.673445
1499	78	454	0.00	2025-07-18 19:18:09.673445
1500	78	530	1.00	2025-07-18 19:18:09.673445
1501	78	542	1.00	2025-07-18 19:18:09.673445
1502	78	544	0.00	2025-07-18 19:18:09.673445
1503	78	64	1.00	2025-07-18 19:18:09.673445
1315	60	1	4.00	2025-07-18 19:17:16.730036
1316	60	553	1.00	2025-07-18 19:17:16.730036
1317	60	4	68.00	2025-07-18 19:17:16.730036
1318	60	559	1.00	2025-07-18 19:17:16.730036
1319	60	113	4.00	2025-07-18 19:17:16.730036
1320	60	182	4.00	2025-07-18 19:17:16.730036
1321	60	536	8.00	2025-07-18 19:17:16.730036
1322	60	9	2.00	2025-07-18 19:17:16.730036
1323	60	49	4.00	2025-07-18 19:17:16.730036
1324	60	12	2.00	2025-07-18 19:17:16.730036
1325	60	72	1.00	2025-07-18 19:17:16.730036
1326	60	501	1.00	2025-07-18 19:17:16.730036
1327	60	524	0.00	2025-07-18 19:17:16.730036
\.


--
-- Data for Name: formulas; Type: TABLE DATA; Schema: public; Owner: earthharbor
--

COPY public.formulas (id, name, version, created_date, updated_date, status, review_reasons) FROM stdin;
1	Fortifying Cream Cleanser	1.0	2025-07-18 23:06:02.84	2025-07-18 23:06:02.84	needs_review	{}
2	All-Skin Cleansing Oil	1.0	2025-07-18 23:06:02.84	2025-07-18 23:06:02.84	needs_review	{}
3	Soothing Face Oil	1.0	2025-07-18 23:06:02.84	2025-07-18 23:06:02.84	needs_review	{}
4	Anti-Aging Face Oil	1.0	2025-07-18 23:06:02.84	2025-07-18 23:06:02.84	needs_review	{}
5	Caffeine Eye Cream	1.0	2025-07-18 23:06:02.84	2025-07-18 23:06:02.84	needs_review	{}
6	Body Wash	1.0	2025-07-18 23:06:02.84	2025-07-18 23:06:02.84	needs_review	{}
10	Face Scrub	1.0	2025-07-18 23:06:02.84	2025-07-18 23:06:02.84	needs_review	{}
11	Spirulina Cream Mask	1.0	2025-07-18 23:06:02.84	2025-07-18 23:06:02.84	needs_review	{"Duplicate ingredients: Water"}
20	Ethical Mask & Spot Treatment	1.0	2025-07-18 23:06:02.84	2025-07-18 23:06:02.84	needs_review	{}
29	Baby Bubble Bath	1.0	2025-07-18 23:06:02.84	2025-07-18 23:06:02.84	needs_review	{}
38	Body Cream	1.0	2025-07-18 23:06:02.84	2025-07-18 23:06:02.84	needs_review	{}
42	Hair Texturizing Salt Spray	1.0	2025-07-18 23:06:02.84	2025-07-18 23:06:02.84	needs_review	{}
45	Plant-Powered Hair Finishing Oil	1.0	2025-07-18 23:06:02.84	2025-07-18 23:06:02.84	needs_review	{}
51	Vitamin C Oil Serum	1.0	2025-07-18 23:06:02.84	2025-07-18 23:06:02.84	needs_review	{}
52	Bees Wax Lip Balm	1.0	2025-07-18 23:06:02.84	2025-07-18 23:06:02.84	needs_review	{}
55	Hand and Body Lotion	1.0	2025-07-18 23:06:02.84	2025-07-18 23:06:02.84	needs_review	{"Total percentage: 94.10% (under 100%)"}
56	Brikell Multi-Enzyme Glycerin Extract	1.0	2025-07-18 23:06:02.84	2025-07-18 23:06:02.84	needs_review	{}
7	Gel Cleanser	1.0	2025-07-18 23:06:02.84	2025-07-18 17:52:28.176225	needs_review	{"Total percentage: 99.50% (under 100%)"}
41	Night Moisturizer	1.0	2025-07-18 23:06:02.84	2025-07-18 18:12:06.72211	approved	\N
36	BarrierBoost Ceramide Serum	1.0	2025-07-18 23:06:02.84	2025-07-18 18:17:46.40621	approved	\N
21	Detangler Spray Conditioner	1.0	2025-07-18 23:06:02.84	2025-07-18 18:23:34.237807	approved	\N
28	Niacinamide Serum	1.0	2025-07-18 23:06:02.84	2025-07-18 18:29:10.229662	approved	\N
13	Nurturing Balm Cream	1.0	2025-07-18 23:06:02.84	2025-07-18 18:30:09.247021	approved	\N
48	Nurturing Sea-Retinol Serum	1.0	2025-07-18 23:06:02.84	2025-07-18 18:32:04.604805	approved	\N
44	Wholesome Detox Reset Serum	1.0	2025-07-18 23:06:02.84	2025-07-18 18:33:46.740115	approved	\N
30	Foaming Hand Wash	1.0	2025-07-18 23:06:02.84	2025-07-18 18:37:32.258578	approved	\N
46	Superfruit Radiance Balm	1.0	2025-07-18 23:06:02.84	2025-07-18 18:40:45.932265	approved	\N
27	Support & Clarity Serum	1.0	2025-07-18 23:06:02.84	2025-07-18 18:41:26.737847	approved	\N
17	Himalayan Sea Salt Body Scrub	1.0	2025-07-18 23:06:02.84	2025-07-18 18:43:28.377658	approved	\N
35	(Needs new name for Lip Balm)	1.0	2025-07-18 23:06:02.84	2025-07-18 18:45:19.547565	approved	\N
26	2-in-1 Baby Body Wash/Shampoo	1.0	2025-07-18 23:06:02.84	2025-07-18 18:47:01.447538	approved	\N
14	Marine-Love Refining Mask	1.0	2025-07-18 23:06:02.84	2025-07-18 18:55:48.601957	approved	\N
16	Black Sand Detox Scrub	1.0	2025-07-18 23:06:02.84	2025-07-18 18:56:47.188931	approved	\N
33	Eco-Pure Moisturizer	1.0	2025-07-18 23:06:02.84	2025-07-18 18:57:41.13073	approved	\N
25	Phyto-Renew Night Serum	1.0	2025-07-18 23:06:02.84	2025-07-18 18:58:47.133811	approved	\N
34	Aloe Vera Spray	1.0	2025-07-18 23:06:02.84	2025-07-18 18:59:36.397204	approved	\N
32	Aloe Vera Gel	1.0	2025-07-18 23:06:02.84	2025-07-18 19:05:21.021678	approved	\N
40	Hydrating Serum	1.0	2025-07-18 23:06:02.84	2025-07-18 19:05:21.021678	approved	\N
47	Plant-Based Gel Cleanser	1.0	2025-07-18 23:06:02.84	2025-07-18 19:05:21.021678	approved	\N
24	Replenish Body Oil	1.0	2025-07-18 23:06:02.84	2025-07-18 19:05:43.671115	approved	\N
43	Anti-Pollution Serum	1.0	2025-07-18 23:06:02.84	2025-07-18 19:05:43.671115	approved	\N
18	Balancing Gel Hydrator	1.0	2025-07-18 23:06:02.84	2025-07-18 19:06:27.700227	approved	\N
50	Body Lotion	1.0	2025-07-18 23:06:02.84	2025-07-18 19:06:27.700227	approved	\N
54	Coconut Sugar Scrub	1.0	2025-07-18 23:06:02.84	2025-07-18 19:06:27.700227	approved	\N
31	Hyaluronic Acid Serum	1.0	2025-07-18 23:06:02.84	2025-07-18 19:06:27.700227	approved	\N
12	Baby Body Lotion/ EveryAge	1.0	2025-07-18 23:06:02.84	2025-07-18 19:06:27.700227	approved	\N
8	Milky Cleanser	1.0	2025-07-18 23:06:02.84	2025-07-18 17:52:16.695793	needs_review	{"Duplicate ingredients: xanthan gum (rheocare xgn)","Total percentage: 65.70% (under 100%)"}
9	Foaming Gel Cleanser	1.0	2025-07-18 23:06:02.84	2025-07-18 17:52:16.695793	needs_review	{}
15	Nurturing Hydra-Plumping Serum	1.0	2025-07-18 23:06:02.84	2025-07-18 17:52:16.695793	needs_review	{}
49	One-for-All Skin Hydration Cream	1.0	2025-07-18 23:06:02.84	2025-07-18 18:16:42.792948	approved	\N
19	Pore minimizing cream with 5% niacinamide	1.0	2025-07-18 23:06:02.84	2025-07-18 18:28:20.315271	approved	\N
22	AllSkin Hand Cream	1.0	2025-07-18 23:06:02.84	2025-07-18 18:34:51.246991	approved	\N
39	Blue Tansy Face Balm	1.0	2025-07-18 23:06:02.84	2025-07-18 18:42:30.697447	approved	\N
37	Clay Mask	1.0	2025-07-18 23:06:02.84	2025-07-18 18:55:06.197958	approved	\N
57	Charcoal Clay Face Mask	1.0	2025-07-18 23:06:02.84	2025-07-18 19:06:27.700227	approved	\N
23	Hydration Moisturizer	1.0	2025-07-18 23:06:02.84	2025-07-18 19:06:27.700227	approved	\N
53	Roll-on Deodorant	1.0	2025-07-18 23:06:02.84	2025-07-18 19:06:27.700227	approved	\N
60	Biome Restoration Cream Cleanser	1.0	2025-07-18 19:17:16.730036	2025-07-18 19:17:16.730036	approved	\N
61	Oil Cleansing Balm	1.0	2025-07-18 19:17:16.751874	2025-07-18 19:17:16.751874	approved	\N
63	Greener Good Face Oil	1.0	2025-07-18 19:17:16.757911	2025-07-18 19:17:16.757911	approved	\N
64	Every-Skin Hydration Toner	1.0	2025-07-18 19:17:16.766939	2025-07-18 19:17:16.766939	approved	\N
65	Biotic Toning Mist	1.0	2025-07-18 19:17:16.77279	2025-07-18 19:17:16.77279	approved	\N
66	Bio-Retinol Serum	1.0	2025-07-18 19:17:16.779638	2025-07-18 19:17:16.779638	approved	\N
67	Phyto-Vitamin C Serum	1.0	2025-07-18 19:17:16.790552	2025-07-18 19:17:16.790552	approved	\N
68	Phyto-Rich Eye Cream	1.0	2025-07-18 19:17:16.798971	2025-07-18 19:17:16.798971	approved	\N
70	Everyday Day Moisturizer	1.0	2025-07-18 19:18:09.593852	2025-07-18 19:18:09.593852	approved	\N
72	Regenerative Moisturizer	1.0	2025-07-18 19:18:09.625191	2025-07-18 19:18:09.625191	approved	\N
73	Baby Barrier Balm Cream	1.0	2025-07-18 19:18:09.636786	2025-07-18 19:18:09.636786	approved	\N
74	Wholesome Cacao Vitamin C Mask	1.0	2025-07-18 19:18:09.64929	2025-07-18 19:18:09.64929	approved	\N
75	Hydrating Body Serum	1.0	2025-07-18 19:18:09.651972	2025-07-18 19:18:09.651972	approved	\N
77	Hair Regrowth Treatment	1.0	2025-07-18 19:18:09.667576	2025-07-18 19:18:09.667576	approved	\N
78	AbAmerica - Tallow Body Butter - HGL-TBB-001	1.0	2025-07-18 19:18:09.673445	2025-07-18 19:18:09.673445	approved	\N
79	BHA Cleansing Gel	1.0	2025-07-18 19:18:09.683173	2025-07-18 19:18:09.683173	approved	\N
80	Lip Mask	1.0	2025-07-18 19:18:09.686391	2025-07-18 19:18:09.686391	approved	\N
81	DeodorantRollOn	1.0	2025-07-18 19:18:09.69384	2025-07-18 19:18:09.69384	approved	\N
82	Himalayan Salt Scrub	1.0	2025-07-18 19:18:09.699696	2025-07-18 19:18:09.699696	approved	\N
83	Liquid Hand Soap	1.0	2025-07-18 19:18:09.704957	2025-07-18 19:18:09.704957	approved	\N
84	Brikell Multi-Enzyme Glyce	1.0	2025-07-18 19:18:09.711567	2025-07-18 19:18:09.711567	approved	\N
\.


--
-- Data for Name: ingredient_pricing; Type: TABLE DATA; Schema: public; Owner: earthharbor
--

COPY public.ingredient_pricing (id, ingredient_id, price_per_kg, supplier, effective_date, created_date) FROM stdin;
\.


--
-- Data for Name: ingredients; Type: TABLE DATA; Schema: public; Owner: earthharbor
--

COPY public.ingredients (id, name, inci_name, supplier_code, category, created_date) FROM stdin;
1	Glycerin		\N	\N	2025-07-18 23:06:02.84
2	Xanthan Gum		\N	\N	2025-07-18 23:06:02.84
3	Sodium Phytate		\N	\N	2025-07-18 23:06:02.84
4	Water		\N	\N	2025-07-18 23:06:02.84
5	Olive OIl		\N	\N	2025-07-18 23:06:02.84
6	Coconut OIl		\N	\N	2025-07-18 23:06:02.84
7	Olivem 1000		\N	\N	2025-07-18 23:06:02.84
8	montanov 68		\N	\N	2025-07-18 23:06:02.84
9	Cetearyl Alcohol		\N	\N	2025-07-18 23:06:02.84
10	Cocoa Butter		\N	\N	2025-07-18 23:06:02.84
11	Isoamyl laurate		\N	\N	2025-07-18 23:06:02.84
12	Coco Glucoside		\N	\N	2025-07-18 23:06:02.84
13	sea kelp bioferment		\N	\N	2025-07-18 23:06:02.84
14	Green Tea extract		\N	\N	2025-07-18 23:06:02.84
15	Benzyl Alcohol-DHA		\N	\N	2025-07-18 23:06:02.84
16	Lactic Acid 90% until pH range- 4.8-5.2		\N	\N	2025-07-18 23:06:02.84
17	Grapeseed Oil		\N	\N	2025-07-18 23:06:02.84
18	Caprylic/Capric Triglycerides		\N	\N	2025-07-18 23:06:02.84
19	Jojoba Seed Oil		\N	\N	2025-07-18 23:06:02.84
20	Rosehip Seed Oil		\N	\N	2025-07-18 23:06:02.84
21	Borage Oil		\N	\N	2025-07-18 23:06:02.84
22	Cromollient SCE		\N	\N	2025-07-18 23:06:02.84
23	Papaya Extract (oil soluble)		\N	\N	2025-07-18 23:06:02.84
24	Papaya Seed Oil		\N	\N	2025-07-18 23:06:02.84
25	Rosemary Extract		\N	\N	2025-07-18 23:06:02.84
26	Sea Buckthorn Oil		\N	\N	2025-07-18 23:06:02.84
27	Tocopherol		\N	\N	2025-07-18 23:06:02.84
28	CCT		\N	\N	2025-07-18 23:06:02.84
29	Sunflower Oil		\N	\N	2025-07-18 23:06:02.84
30	Green Tea Extract (SNO)		\N	\N	2025-07-18 23:06:02.84
31	Olive Squalane		\N	\N	2025-07-18 23:06:02.84
32	Borage Seed Oil		\N	\N	2025-07-18 23:06:02.84
33	Blueberry Seed Oil		\N	\N	2025-07-18 23:06:02.84
34	Jojoba Oil		\N	\N	2025-07-18 23:06:02.84
35	Blue Tansy Oil		\N	\N	2025-07-18 23:06:02.84
36	Chia Seed Oil		\N	\N	2025-07-18 23:06:02.84
37	MCT		\N	\N	2025-07-18 23:06:02.84
38	Sea Buckthorn Extract		\N	\N	2025-07-18 23:06:02.84
39	Urucum Oil		\N	\N	2025-07-18 23:06:02.84
40	Propanediol		\N	\N	2025-07-18 23:06:02.84
41	Solagum AX		\N	\N	2025-07-18 23:06:02.84
42	Shea Oil		\N	\N	2025-07-18 23:06:02.84
43	Shea butter		\N	\N	2025-07-18 23:06:02.84
44	Green Tea Seed Oil		\N	\N	2025-07-18 23:06:02.84
45	Vitamin E Full Spectrum		\N	\N	2025-07-18 23:06:02.84
46	Behenyl Alcohol		\N	\N	2025-07-18 23:06:02.84
47	Glyceryl stearate		\N	\N	2025-07-18 23:06:02.84
48	Eumulgin SG		\N	\N	2025-07-18 23:06:02.84
49	Squalane		\N	\N	2025-07-18 23:06:02.84
50	Natrasil		\N	\N	2025-07-18 23:06:02.84
51	Cetiol ultimate		\N	\N	2025-07-18 23:06:02.84
52	Coffee seed Oil (Extract)		\N	\N	2025-07-18 23:06:02.84
53	WSK snow mushroom ext 1% soln. (see below)		\N	\N	2025-07-18 23:06:02.84
54	Benzyl alcohol DHA		\N	\N	2025-07-18 23:06:02.84
55	Citric acid 50% solution (see below) pH to 4.8-5.2		\N	\N	2025-07-18 23:06:02.84
56	Aloe Vera Gel Juice (1X)		\N	\N	2025-07-18 23:06:02.84
57	guarcat`		\N	\N	2025-07-18 23:06:02.84
58	Panthenol		\N	\N	2025-07-18 23:06:02.84
59	Coco Betaine		\N	\N	2025-07-18 23:06:02.84
60	Sodium Coco Sulfate powder		\N	\N	2025-07-18 23:06:02.84
61	Calendula Extract		\N	\N	2025-07-18 23:06:02.84
62	Oat protein		\N	\N	2025-07-18 23:06:02.84
63	Quinoa Protein		\N	\N	2025-07-18 23:06:02.84
64	DHA-Benzyl Alcohol		\N	\N	2025-07-18 23:06:02.84
65	Chamomile Extract		\N	\N	2025-07-18 23:06:02.84
66	Comfrey Extract		\N	\N	2025-07-18 23:06:02.84
67	Olive Oil		\N	\N	2025-07-18 23:06:02.84
68	SALT		\N	\N	2025-07-18 23:06:02.84
69	Citrate (50%)		\N	\N	2025-07-18 23:06:02.84
70	guarcat		\N	\N	2025-07-18 23:06:02.84
71	Blue Sea Kale Extract		\N	\N	2025-07-18 23:06:02.84
72	Licorice Extract		\N	\N	2025-07-18 23:06:02.84
73	Sea Kelp Bioferment		\N	\N	2025-07-18 23:06:02.84
74	Salt		\N	\N	2025-07-18 23:06:02.84
75	Lotioncrafter		\N	\N	2025-07-18 23:06:02.84
76	xanthan gum (rheocare xgn)		\N	\N	2025-07-18 23:06:02.84
77	glycerin		\N	\N	2025-07-18 23:06:02.84
78	vitamin mixi		\N	\N	2025-07-18 23:06:02.84
79	cetearyl alcohol		\N	\N	2025-07-18 23:06:02.84
80	SCI powder		\N	\N	2025-07-18 23:06:02.84
81	cucumber ext		\N	\N	2025-07-18 23:06:02.84
82	blue sea kale extract		\N	\N	2025-07-18 23:06:02.84
83	saccharide isomerate		\N	\N	2025-07-18 23:06:02.84
84	oat extract (water sol)		\N	\N	2025-07-18 23:06:02.84
85	SCS		\N	\N	2025-07-18 23:06:02.84
86	Coco betaine		\N	\N	2025-07-18 23:06:02.84
87	citric acid 50% solution		\N	\N	2025-07-18 23:06:02.84
88	Benzyl Alcohol, Dehyroacetic Acid		\N	\N	2025-07-18 23:06:02.84
89	propanediol		\N	\N	2025-07-18 23:06:02.84
90	Sodium Hyaluronate (powder)		\N	\N	2025-07-18 23:06:02.84
91	Xanthan gum		\N	\N	2025-07-18 23:06:02.84
92	Allantoin		\N	\N	2025-07-18 23:06:02.84
93	panthenol		\N	\N	2025-07-18 23:06:02.84
94	Cetiol C5		\N	\N	2025-07-18 23:06:02.84
95	glyceryl stearate		\N	\N	2025-07-18 23:06:02.84
96	Olivem VS feel		\N	\N	2025-07-18 23:06:02.84
97	triethylhexanoin		\N	\N	2025-07-18 23:06:02.84
98	Extracts (X8) (fruit acid complex)		\N	\N	2025-07-18 23:06:02.84
99	DHA-BA		\N	\N	2025-07-18 23:06:02.84
100	lactic acid		\N	\N	2025-07-18 23:06:02.84
101	SCI		\N	\N	2025-07-18 23:06:02.84
102	Aloe Vera 200 X		\N	\N	2025-07-18 23:06:02.84
103	Butylene Glycol		\N	\N	2025-07-18 23:06:02.84
104	Magnesium Aluminum silicate		\N	\N	2025-07-18 23:06:02.84
105	White Kaolin Clay		\N	\N	2025-07-18 23:06:02.84
106	Blue Spirulina powder		\N	\N	2025-07-18 23:06:02.84
107	MSM		\N	\N	2025-07-18 23:06:02.84
108	Alantoin		\N	\N	2025-07-18 23:06:02.84
109	DMAE Bitatrate		\N	\N	2025-07-18 23:06:02.84
110	Eucalyptus water		\N	\N	2025-07-18 23:06:02.84
111	Lavender water		\N	\N	2025-07-18 23:06:02.84
112	Witch Hazel extract		\N	\N	2025-07-18 23:06:02.84
113	Rice water Ferment		\N	\N	2025-07-18 23:06:02.84
114	aspen bark extract (phytocide aspen)		\N	\N	2025-07-18 23:06:02.84
115	coco glucoside		\N	\N	2025-07-18 23:06:02.84
116	Citric Acid 50%		\N	\N	2025-07-18 23:06:02.84
117	Aloe Vera Juice (1X)		\N	\N	2025-07-18 23:06:02.84
118	Ceramides		\N	\N	2025-07-18 23:06:02.84
119	DI Water		\N	\N	2025-07-18 23:06:02.84
120	Glyceryl stearate (GMS Pure)		\N	\N	2025-07-18 23:06:02.84
121	Capric Caprylic triglycerides		\N	\N	2025-07-18 23:06:02.84
122	Oat Oil		\N	\N	2025-07-18 23:06:02.84
123	Avocado Oil		\N	\N	2025-07-18 23:06:02.84
124	Isoamyl Laurate OR Cetiol C5		\N	\N	2025-07-18 23:06:02.84
125	Calendula Ext		\N	\N	2025-07-18 23:06:02.84
126	Water Soluble oat Ext		\N	\N	2025-07-18 23:06:02.84
127	Sea Buckthorn Ext		\N	\N	2025-07-18 23:06:02.84
128	Citric acid		\N	\N	2025-07-18 23:06:02.84
129	water		\N	\N	2025-07-18 23:06:02.84
130	CITRIC ACID 50% solution		\N	\N	2025-07-18 23:06:02.84
131	coco caprylate caprate		\N	\N	2025-07-18 23:06:02.84
132	Coconut Oil		\N	\N	2025-07-18 23:06:02.84
133	Mango Butter refined		\N	\N	2025-07-18 23:06:02.84
134	Kokum Butter		\N	\N	2025-07-18 23:06:02.84
135	Meadowfoam Seed Oil		\N	\N	2025-07-18 23:06:02.84
136	Poppy Seed OIl		\N	\N	2025-07-18 23:06:02.84
137	RIcebran Oil (new directions)		\N	\N	2025-07-18 23:06:02.84
138	Oliwax (lotioncrafter)		\N	\N	2025-07-18 23:06:02.84
139	Glyceryl Stearate		\N	\N	2025-07-18 23:06:02.84
140	Hydrogenated Vegetable Oil (Lipidthix)		\N	\N	2025-07-18 23:06:02.84
141	blue tansy essential oil		\N	\N	2025-07-18 23:06:02.84
142	red campo OS		\N	\N	2025-07-18 23:06:02.84
143	Blue Campo OS		\N	\N	2025-07-18 23:06:02.84
144	Kaolin Clay		\N	\N	2025-07-18 23:06:02.84
145	Bentonite Clay		\N	\N	2025-07-18 23:06:02.84
146	Spirulina Power		\N	\N	2025-07-18 23:06:02.84
147	Arrowroot Powder		\N	\N	2025-07-18 23:06:02.84
148	DMAE Bitartrate Powder		\N	\N	2025-07-18 23:06:02.84
149	TOTAL		\N	\N	2025-07-18 23:06:02.84
150	Aqua		\N	\N	2025-07-18 23:06:02.84
151	Pomegranate Extract (carruba)		\N	\N	2025-07-18 23:06:02.84
152	Niacinamide		\N	\N	2025-07-18 23:06:02.84
153	Siligel		\N	\N	2025-07-18 23:06:02.84
154	TGDA		\N	\N	2025-07-18 23:06:02.84
155	C5		\N	\N	2025-07-18 23:06:02.84
156	Oliwax LC		\N	\N	2025-07-18 23:06:02.84
157	Isoamyl Laurate		\N	\N	2025-07-18 23:06:02.84
158	Brown Rice ferment		\N	\N	2025-07-18 23:06:02.84
159	Rice lipids		\N	\N	2025-07-18 23:06:02.84
160	Mixed Tocopherols		\N	\N	2025-07-18 23:06:02.84
161	Natrasmooth (Tremella extract)		\N	\N	2025-07-18 23:06:02.84
162	Triluronic Acid		\N	\N	2025-07-18 23:06:02.84
163	Lactic Acid q.s. (90% solution)		\N	\N	2025-07-18 23:06:02.84
164	DHA-benzyl alcohol		\N	\N	2025-07-18 23:06:02.84
165	Cetearyl alcohol/ glycol distearate		\N	\N	2025-07-18 23:06:02.84
166	Sodium Stearoyl Glutamate (Eumulgin SG)		\N	\N	2025-07-18 23:06:02.84
167	glyceryl stearate citrate		\N	\N	2025-07-18 23:06:02.84
168	coco caprylate		\N	\N	2025-07-18 23:06:02.84
169	algae oil		\N	\N	2025-07-18 23:06:02.84
170	green tea ext.		\N	\N	2025-07-18 23:06:02.84
171	Sea Kelp bioferment (equilibrates the skin's microbiome)		\N	\N	2025-07-18 23:06:02.84
172	EO blend (lavender, eucalyptus, peppermint?)		\N	\N	2025-07-18 23:06:02.84
173	CITRIC ACID 50%		\N	\N	2025-07-18 23:06:02.84
174	charcoal powder		\N	\N	2025-07-18 23:06:02.84
175	base		\N	\N	2025-07-18 23:06:02.84
176	phyllis diller mica		\N	\N	2025-07-18 23:06:02.84
177	Steel works mica		\N	\N	2025-07-18 23:06:02.84
178	satin pillow mica		\N	\N	2025-07-18 23:06:02.84
179	Icelandic Black Sand		\N	\N	2025-07-18 23:06:02.84
180	Glyceryl Stearate SE		\N	\N	2025-07-18 23:06:02.84
181	Jojoba OIl		\N	\N	2025-07-18 23:06:02.84
182	Shea Butter		\N	\N	2025-07-18 23:06:02.84
183	Vitamin E		\N	\N	2025-07-18 23:06:02.84
184	Arlacel 1689		\N	\N	2025-07-18 23:06:02.84
185	Pink Himalayan Salt / Sugar / Walnut / Coconut Husk		\N	\N	2025-07-18 23:06:02.84
186	Natrasol		\N	\N	2025-07-18 23:06:02.84
187	Glycerin, 99.7%		\N	\N	2025-07-18 23:06:02.84
188	CO Aloe Juice N58494ws		\N	\N	2025-07-18 23:06:02.84
189	Witch Hazel Essential Water		\N	\N	2025-07-18 23:06:02.84
190	Senna Extract N58495 WS Botanical Extract		\N	\N	2025-07-18 23:06:02.84
191	Goji Berry Extract		\N	\N	2025-07-18 23:06:02.84
192	ACB Bull Kelp Bioferment (Sea Kelp Bioferment)		\N	\N	2025-07-18 23:06:02.84
193	Goji Berry Superscent Fragrance		\N	\N	2025-07-18 23:06:02.84
194	Campo Blue Water soluble		\N	\N	2025-07-18 23:06:02.84
195	Linatural MBS-1		\N	\N	2025-07-18 23:06:02.84
196	N-acetyl glucosamine		\N	\N	2025-07-18 23:06:02.84
197	Natura TEC Plantsil/ Natrasil		\N	\N	2025-07-18 23:06:02.84
198	Cetiol Ultimate		\N	\N	2025-07-18 23:06:02.84
199	Rice water		\N	\N	2025-07-18 23:06:02.84
200	DHA Benzyl Alcohol		\N	\N	2025-07-18 23:06:02.84
201	phytic Acid		\N	\N	2025-07-18 23:06:02.84
202	Orchid Extract Oil Soluble		\N	\N	2025-07-18 23:06:02.84
203	Snow Mushroom Ext. 1% solution		\N	\N	2025-07-18 23:06:02.84
204	Citric Acid 50% soln.		\N	\N	2025-07-18 23:06:02.84
205	Aloe Vera Powder 200M		\N	\N	2025-07-18 23:06:02.84
206	Alcohol Denatured (SDA 40B 190 Proof)		\N	\N	2025-07-18 23:06:02.84
207	White Willowbark Extract		\N	\N	2025-07-18 23:06:02.84
208	Fruit Acid Complex ABC		\N	\N	2025-07-18 23:06:02.84
209	Rose Hydrosol		\N	\N	2025-07-18 23:06:02.84
210	Phytic acid		\N	\N	2025-07-18 23:06:02.84
211	cetrimonium chloride		\N	\N	2025-07-18 23:06:02.84
212	Behetrimonium Chloride		\N	\N	2025-07-18 23:06:02.84
213	cetiol CC		\N	\N	2025-07-18 23:06:02.84
214	cetiol ultimate		\N	\N	2025-07-18 23:06:02.84
215	BERRY LIKE SCENT		\N	\N	2025-07-18 23:06:02.84
216	Calendula Ext.		\N	\N	2025-07-18 23:06:02.84
217	Chamomile Ext.		\N	\N	2025-07-18 23:06:02.84
218	Rose EO		\N	\N	2025-07-18 23:06:02.84
219	Aloe Vera 200 X (20% post-dilution)		\N	\N	2025-07-18 23:06:02.84
220	Plantsil		\N	\N	2025-07-18 23:06:02.84
221	Benzylalcohol, dehydroacetic acid		\N	\N	2025-07-18 23:06:02.84
222	phytic acid/ sodium phytate		\N	\N	2025-07-18 23:06:02.84
223	ALPHA ENVIRONMENTAL SNOW MUSHROOM AT 1% DILUTION		\N	\N	2025-07-18 23:06:02.84
224	Citric acid 50%		\N	\N	2025-07-18 23:06:02.84
225	Colloidal Oatmeal		\N	\N	2025-07-18 23:06:02.84
226	Magnesium ascorbyl phosphate		\N	\N	2025-07-18 23:06:02.84
227	Cocoa butter		\N	\N	2025-07-18 23:06:02.84
228	Meadowfoam Oil		\N	\N	2025-07-18 23:06:02.84
229	Coco caprylate		\N	\N	2025-07-18 23:06:02.84
230	Almond oil		\N	\N	2025-07-18 23:06:02.84
231	Calendula ext		\N	\N	2025-07-18 23:06:02.84
232	Macadamia Nut Oil		\N	\N	2025-07-18 23:06:02.84
233	Oat Extract (WS)		\N	\N	2025-07-18 23:06:02.84
234	WSK 1% in 20% glycerin and H2O		\N	\N	2025-07-18 23:06:02.84
235	tocopherols		\N	\N	2025-07-18 23:06:02.84
236	Safflower Seed Oil		\N	\N	2025-07-18 23:06:02.84
237	Aloe in sunflower oil (in SNO)		\N	\N	2025-07-18 23:06:02.84
238	Apricot Kernal Oil		\N	\N	2025-07-18 23:06:02.84
239	Tocpherols		\N	\N	2025-07-18 23:06:02.84
240	Evening Primrose OIl		\N	\N	2025-07-18 23:06:02.84
241	Rosemary Antioxidant		\N	\N	2025-07-18 23:06:02.84
242	Algae Extract in sunflower oil (SNO)		\N	\N	2025-07-18 23:06:02.84
243	Blue Chamomile EO		\N	\N	2025-07-18 23:06:02.84
244	Aloe vera gel juice (1X)		\N	\N	2025-07-18 23:06:02.84
245	Neroli hydrosol		\N	\N	2025-07-18 23:06:02.84
246	Rosehip oil		\N	\N	2025-07-18 23:06:02.84
247	Olivem 1000 (Cetearyl Olivate (and) Sorbitan Olivate)		\N	\N	2025-07-18 23:06:02.84
248	White WIllowbark Extract		\N	\N	2025-07-18 23:06:02.84
249	Fruit acid complex		\N	\N	2025-07-18 23:06:02.84
250	Fruit enzyme complex		\N	\N	2025-07-18 23:06:02.84
251	Phytocoll Marine/ Marine Collagen		\N	\N	2025-07-18 23:06:02.84
252	Leucidal Liquid SF Max (stronger preservative)		\N	\N	2025-07-18 23:06:02.84
253	pH was at 4.0. No additional acid added		\N	\N	2025-07-18 23:06:02.84
254	Inulin prebuilin AGA		\N	\N	2025-07-18 23:06:02.84
255	Sodium Coco Sulfate		\N	\N	2025-07-18 23:06:02.84
256	BLueberry extract		\N	\N	2025-07-18 23:06:02.84
257	SODIUM CHLORIDE		\N	\N	2025-07-18 23:06:02.84
258	Citrate		\N	\N	2025-07-18 23:06:02.84
259	Safflower Oil		\N	\N	2025-07-18 23:06:02.84
260	Ginseng Extract in SNO		\N	\N	2025-07-18 23:06:02.84
261	Sea Lavender Extract in CCT		\N	\N	2025-07-18 23:06:02.84
262	Tocopherols		\N	\N	2025-07-18 23:06:02.84
263	clearthix S		\N	\N	2025-07-18 23:06:02.84
264	acetyl glucosamine		\N	\N	2025-07-18 23:06:02.84
265	Butylene glycol		\N	\N	2025-07-18 23:06:02.84
266	Rice water ferment		\N	\N	2025-07-18 23:06:02.84
267	Pterowhite 90 (stable Resveratrol)		\N	\N	2025-07-18 23:06:02.84
268	Inulin (prebiotic)		\N	\N	2025-07-18 23:06:02.84
269	WSK 1% solution		\N	\N	2025-07-18 23:06:02.84
270	Aloe Vera Gel Juice Powder (200X)		\N	\N	2025-07-18 23:06:02.84
271	Inulin		\N	\N	2025-07-18 23:06:02.84
272	cucumber extract		\N	\N	2025-07-18 23:06:02.84
273	Centella Asiatica Extract		\N	\N	2025-07-18 23:06:02.84
274	Blueberry Extract		\N	\N	2025-07-18 23:06:02.84
275	mallow extract		\N	\N	2025-07-18 23:06:02.84
276	Alpha Olefin Sulfonate 40 %		\N	\N	2025-07-18 23:06:02.84
277	Lauramine Oxide MB		\N	\N	2025-07-18 23:06:02.84
278	Glyceryl Caprylate/ Caprate		\N	\N	2025-07-18 23:06:02.84
279	Citric Acid 50% for pH 5.5		\N	\N	2025-07-18 23:06:02.84
280	DHA-Benzyl alcohol		\N	\N	2025-07-18 23:06:02.84
281	Panthenol (B5)		\N	\N	2025-07-18 23:06:02.84
282	sodium PCA		\N	\N	2025-07-18 23:06:02.84
283	galactoarabinan		\N	\N	2025-07-18 23:06:02.84
284	Saccharide isomerate		\N	\N	2025-07-18 23:06:02.84
285	Hyaluronic Acid 4D (gradient of various MW)		\N	\N	2025-07-18 23:06:02.84
286	phytocollagen (Yeast)		\N	\N	2025-07-18 23:06:02.84
287	Epseama (?)		\N	\N	2025-07-18 23:06:02.84
288	Benzyl Alcohol DHA		\N	\N	2025-07-18 23:06:02.84
289	Clearthix S		\N	\N	2025-07-18 23:06:02.84
290	Butylene Glycol Natural		\N	\N	2025-07-18 23:06:02.84
291	Hyaluronic acid 4D		\N	\N	2025-07-18 23:06:02.84
292	SEPINOV EMT10		\N	\N	2025-07-18 23:06:02.84
293	GLYCERIN		\N	\N	2025-07-18 23:06:02.84
294	NEOESSENCE SQUALANE		\N	\N	2025-07-18 23:06:02.84
295	JEECHEM CTG		\N	\N	2025-07-18 23:06:02.84
296	NATURA TEC PLANTSIL		\N	\N	2025-07-18 23:06:02.84
297	Coco Caprylate Caprate		\N	\N	2025-07-18 23:06:02.84
298	Benzyl Alchol/ DHA (makingcosmetics)		\N	\N	2025-07-18 23:06:02.84
299	TRILURONIC ACID (KEEP)		\N	\N	2025-07-18 23:06:02.84
300	Hydrolyzed Oat protein		\N	\N	2025-07-18 23:06:02.84
301	Leucidal Liquid		\N	\N	2025-07-18 23:06:02.84
302	Organic Beeswax		\N	\N	2025-07-18 23:06:02.84
303	Organic Cocoa butter		\N	\N	2025-07-18 23:06:02.84
304	Organic Jojoba Oil		\N	\N	2025-07-18 23:06:02.84
305	Organic Coconut oil (deo)		\N	\N	2025-07-18 23:06:02.84
306	Organic Sunflower OIl		\N	\N	2025-07-18 23:06:02.84
307	Organic Apricot Seed Oil		\N	\N	2025-07-18 23:06:02.84
308	Organic Macadamia nut Oil		\N	\N	2025-07-18 23:06:02.84
309	Organic Castor Oil		\N	\N	2025-07-18 23:06:02.84
310	Natural Flavor(s)		\N	\N	2025-07-18 23:06:02.84
311	mixed Tocopherols		\N	\N	2025-07-18 23:06:02.84
312	phytic acid		\N	\N	2025-07-18 23:06:02.84
313	Ceracare Ceramides		\N	\N	2025-07-18 23:06:02.84
314	EUMULGIN SG		\N	\N	2025-07-18 23:06:02.84
315	OLIVEM 1000		\N	\N	2025-07-18 23:06:02.84
316	Oleyl Lactate		\N	\N	2025-07-18 23:06:02.84
317	Isoamyl Laurate PELEMOL 9512		\N	\N	2025-07-18 23:06:02.84
318	Pelemol D5R-V (assuming price for now)		\N	\N	2025-07-18 23:06:02.84
319	Beta Glucan		\N	\N	2025-07-18 23:06:02.84
320	Acai sterols		\N	\N	2025-07-18 23:06:02.84
321	Rice Lipids (contain natural phytosterols		\N	\N	2025-07-18 23:06:02.84
322	DHA- Benzyl Alcohol		\N	\N	2025-07-18 23:06:02.84
323	Lotus Extract		\N	\N	2025-07-18 23:06:02.84
324	Bull Kelp BioFerment PBF		\N	\N	2025-07-18 23:06:02.84
325	citric acid 50%		\N	\N	2025-07-18 23:06:02.84
326	Lactic Acid q.s.		\N	\N	2025-07-18 23:06:02.84
327	color		\N	\N	2025-07-18 23:06:02.84
328	scent		\N	\N	2025-07-18 23:06:02.84
329	Phytic Acid		\N	\N	2025-07-18 23:06:02.84
330	Coconut milk powder		\N	\N	2025-07-18 23:06:02.84
331	Aloe Vera Juice 200 X		\N	\N	2025-07-18 23:06:02.84
332	Jojoba oil		\N	\N	2025-07-18 23:06:02.84
333	Shea Oil (fractions)		\N	\N	2025-07-18 23:06:02.84
334	cocoa butter		\N	\N	2025-07-18 23:06:02.84
335	Pumpkin Seed OIl		\N	\N	2025-07-18 23:06:02.84
336	ADDED CETIOL ULTIMATE		\N	\N	2025-07-18 23:06:02.84
337	Mixed tocopherols vit E		\N	\N	2025-07-18 23:06:02.84
338	Pomegranate Seed Oil		\N	\N	2025-07-18 23:06:02.84
339	Rosemary Leaf antioxidant		\N	\N	2025-07-18 23:06:02.84
340	Citric Acid		\N	\N	2025-07-18 23:06:02.84
341	Sunflower Wax		\N	\N	2025-07-18 23:06:02.84
342	PHSA		\N	\N	2025-07-18 23:06:02.84
343	HRO		\N	\N	2025-07-18 23:06:02.84
344	Mango Butter, Organic, Unrefined		\N	\N	2025-07-18 23:06:02.84
345	Organic Golden Jojoba Oil		\N	\N	2025-07-18 23:06:02.84
346	Green Tea seed Oil (lighter)		\N	\N	2025-07-18 23:06:02.84
347	Melon Seed Oil		\N	\N	2025-07-18 23:06:02.84
348	Black Cumin Seed Oil, Organic		\N	\N	2025-07-18 23:06:02.84
349	Vitamin E (FROM SUNFLOWER)		\N	\N	2025-07-18 23:06:02.84
350	glycerin, ORGANIC, VEG		\N	\N	2025-07-18 23:06:02.84
351	Olive Unsaponifiables		\N	\N	2025-07-18 23:06:02.84
352	Snow Mushroom Extract		\N	\N	2025-07-18 23:06:02.84
353	Propandiol		\N	\N	2025-07-18 23:06:02.84
354	Sweet Almond Oil		\N	\N	2025-07-18 23:06:02.84
355	pelemol P-810		\N	\N	2025-07-18 23:06:02.84
356	Meadowfoam seed oil		\N	\N	2025-07-18 23:06:02.84
357	Mac nut oil		\N	\N	2025-07-18 23:06:02.84
358	Sea Fennel Extract		\N	\N	2025-07-18 23:06:02.84
359	chamomile ext		\N	\N	2025-07-18 23:06:02.84
360	red clover ext.		\N	\N	2025-07-18 23:06:02.84
361	Evening primrose Oil		\N	\N	2025-07-18 23:06:02.84
362	Blueberry Fruit Extract		\N	\N	2025-07-18 23:06:02.84
363	Scent Components		\N	\N	2025-07-18 23:06:02.84
364	Premium Sea Salt - Fine		\N	\N	2025-07-18 23:06:02.84
365	Glycerin 99.7%		\N	\N	2025-07-18 23:06:02.84
366	Alcohol Denatured - SDA 40b 190 Proof		\N	\N	2025-07-18 23:06:02.84
367	Grapeseed OIl		\N	\N	2025-07-18 23:06:02.84
368	Cranberry Seed Oil		\N	\N	2025-07-18 23:06:02.84
369	Baobab Seed Oil		\N	\N	2025-07-18 23:06:02.84
370	Pumpkin Seed Oil		\N	\N	2025-07-18 23:06:02.84
371	Jojoba oIl		\N	\N	2025-07-18 23:06:02.84
372	Apple fruit stem cell extract*		\N	\N	2025-07-18 23:06:02.84
373	Argan Sprout Stem Cell Extract*		\N	\N	2025-07-18 23:06:02.84
374	Aataxanthin Extract		\N	\N	2025-07-18 23:06:02.84
375	Sweet Orange EO		\N	\N	2025-07-18 23:06:02.84
376	Neroli EO		\N	\N	2025-07-18 23:06:02.84
377	Calendula Flower CO2 Extract		\N	\N	2025-07-18 23:06:02.84
378	Safflower oIl		\N	\N	2025-07-18 23:06:02.84
379	Black Cumin Seed Oil		\N	\N	2025-07-18 23:06:02.84
380	Tamanu Oil		\N	\N	2025-07-18 23:06:02.84
381	Kiwi Oil		\N	\N	2025-07-18 23:06:02.84
382	Linolenic/Linoleic Acid (Vitamin F		\N	\N	2025-07-18 23:06:02.84
383	Bakuchiol		\N	\N	2025-07-18 23:06:02.84
384	Seaweed Extract (in grapeseed Oil)		\N	\N	2025-07-18 23:06:02.84
385	Bisabolol		\N	\N	2025-07-18 23:06:02.84
386	Bamboo Charcoal		\N	\N	2025-07-18 23:06:02.84
387	Plum Fruit Extract (SNO)		\N	\N	2025-07-18 23:06:02.84
388	Sesame Oil		\N	\N	2025-07-18 23:06:02.84
389	Brassica Oil		\N	\N	2025-07-18 23:06:02.84
390	Olive oIl		\N	\N	2025-07-18 23:06:02.84
391	Carrot Seed oIl		\N	\N	2025-07-18 23:06:02.84
392	Tocopherols (full spectrum vitamin E)		\N	\N	2025-07-18 23:06:02.84
393	Seaweed Extract (SNO)		\N	\N	2025-07-18 23:06:02.84
394	Calendula Oil		\N	\N	2025-07-18 23:06:02.84
395	Jasmine EO		\N	\N	2025-07-18 23:06:02.84
396	Honeysuckle FO (natural- essential WS)		\N	\N	2025-07-18 23:06:02.84
397	Papaya Carrubba scent		\N	\N	2025-07-18 23:06:02.84
398	DI Water x		\N	\N	2025-07-18 23:06:02.84
399	Glycerin x		\N	\N	2025-07-18 23:06:02.84
400	CO Aloe Juice Extract		\N	\N	2025-07-18 23:06:02.84
401	Panthenol DL		\N	\N	2025-07-18 23:06:02.84
402	Iselux Ultra Mild MB		\N	\N	2025-07-18 23:06:02.84
403	Leucidal Liquid SF		\N	\N	2025-07-18 23:06:02.84
404	Phytofoam		\N	\N	2025-07-18 23:06:02.84
405	Crodarom Seafoam		\N	\N	2025-07-18 23:06:02.84
406	Sea Moist		\N	\N	2025-07-18 23:06:02.84
407	Cucumber extract		\N	\N	2025-07-18 23:06:02.84
408	Oat extract		\N	\N	2025-07-18 23:06:02.84
409	Blueberry extract		\N	\N	2025-07-18 23:06:02.84
410	Citric acid 50% solution (pH to 4.8 +/- 0.2)		\N	\N	2025-07-18 23:06:02.84
411	Biosil PA		\N	\N	2025-07-18 23:06:02.84
412	white willowbark extract		\N	\N	2025-07-18 23:06:02.84
413	Sodium Chloride		\N	\N	2025-07-18 23:06:02.84
414	Banana Fruit Juice ext.		\N	\N	2025-07-18 23:06:02.84
415	Betaine Salicylate		\N	\N	2025-07-18 23:06:02.84
416	Dimethyl Sulfone		\N	\N	2025-07-18 23:06:02.84
417	Laminaria Digitata Extract		\N	\N	2025-07-18 23:06:02.84
418	Siddha Campo Green		\N	\N	2025-07-18 23:06:02.84
419	Siddha Campo Blue		\N	\N	2025-07-18 23:06:02.84
420	Sea Kelp Bioferment (postbiotic)		\N	\N	2025-07-18 23:06:02.84
421	Laminaria Saccharina Extract		\N	\N	2025-07-18 23:06:02.84
422	Cucumber Melon Carrubba scent		\N	\N	2025-07-18 23:06:02.84
423	Benzyl Alchol-DHA		\N	\N	2025-07-18 23:06:02.84
424	Sea samphire extract vitaphira		\N	\N	2025-07-18 23:06:02.84
425	Aloe Vera 100 X		\N	\N	2025-07-18 23:06:02.84
426	Aloe 200x Powder (Reconstituted)		\N	\N	2025-07-18 23:06:02.84
427	Aqua (Deionized Water)		\N	\N	2025-07-18 23:06:02.84
428	Glycerin (Kosher, Vegetable)		\N	\N	2025-07-18 23:06:02.84
429	Helianthus Annuus Seed Oil (Sunflower)		\N	\N	2025-07-18 23:06:02.84
430	Isopropyl Palmitate		\N	\N	2025-07-18 23:06:02.84
431	Cetyl Alcohol		\N	\N	2025-07-18 23:06:02.84
432	Stearic Acid		\N	\N	2025-07-18 23:06:02.84
433	Butyrospermum Parkii Butter (Shea Butter)		\N	\N	2025-07-18 23:06:02.84
434	Simmondsia Chinensis Seed Oil (Jojoba)		\N	\N	2025-07-18 23:06:02.84
435	Tocopheryl Acetate (Vitamin E)		\N	\N	2025-07-18 23:06:02.84
436	Panthenol (Vitamin B-5)		\N	\N	2025-07-18 23:06:02.84
437	Camellia Sinensis Leaf Extract (Green Tea)		\N	\N	2025-07-18 23:06:02.84
438	Phenoxyethanol and Ethylhexylglycerin		\N	\N	2025-07-18 23:06:02.84
439	Daikon Seed Extract*		\N	\N	2025-07-18 23:06:02.84
440	Chia Seed Oil*		\N	\N	2025-07-18 23:06:02.84
441	Tomato Seed Oil*		\N	\N	2025-07-18 23:06:02.84
442	Cranberry Oil*		\N	\N	2025-07-18 23:06:02.84
443	Coenzyme Q10 (Ubidecarenone) OS powder		\N	\N	2025-07-18 23:06:02.84
444	white Beeswax		\N	\N	2025-07-18 23:06:02.84
445	Jojoba - clear		\N	\N	2025-07-18 23:06:02.84
446	Stevia Extract		\N	\N	2025-07-18 23:06:02.84
447	Essential Oil		\N	\N	2025-07-18 23:06:02.84
448	citric acid		\N	\N	2025-07-18 23:06:02.84
449	Glycerine		\N	\N	2025-07-18 23:06:02.84
450	Emulsifier/non-ionic/palm free		\N	\N	2025-07-18 23:06:02.84
451	Emoillient/light ester		\N	\N	2025-07-18 23:06:02.84
452	Ester/ Deodorising ingredient		\N	\N	2025-07-18 23:06:02.84
453	Emollient/Marketing/Botanical extract		\N	\N	2025-07-18 23:06:02.84
454	Fragrance		\N	\N	2025-07-18 23:06:02.84
455	Antioxidant		\N	\N	2025-07-18 23:06:02.84
456	Preservative/Euxyl K712		\N	\N	2025-07-18 23:06:02.84
457	Lavendar Essential Oil		\N	\N	2025-07-18 23:06:02.84
458	Aloe Leaf Juice Extract		\N	\N	2025-07-18 23:06:02.84
459	Olivem 1000		\N	\N	2025-07-18 23:06:02.84
460	Olivem VS Feel		\N	\N	2025-07-18 23:06:02.84
461	Caprylic/ Capric triglyceride		\N	\N	2025-07-18 23:06:02.84
462	Dicapryl Carbonate (cetiol cc)		\N	\N	2025-07-18 23:06:02.84
463	Ceteary alcohol		\N	\N	2025-07-18 23:06:02.84
464	Calendula extract		\N	\N	2025-07-18 23:06:02.84
465	Goat milk		\N	\N	2025-07-18 23:06:02.84
466	Preservative (Geogard ECT)		\N	\N	2025-07-18 23:06:02.84
467	Vegetable Glycerin		\N	\N	2025-07-18 23:06:02.84
468	Orange Peel C/S (Responsibly Grown)		\N	\N	2025-07-18 23:06:02.84
469	Calendula Flowers (Responsibly Grown)		\N	\N	2025-07-18 23:06:02.84
470	Lemon Peel C/S (Responsibly Grown)		\N	\N	2025-07-18 23:06:02.84
471	Bilberry Fruit Dried (Responsibly Grown)		\N	\N	2025-07-18 23:06:02.84
472	Pineapple Rings Dried (Responsibly Grown)		\N	\N	2025-07-18 23:06:02.84
473	Cranberries Dried (Responsibly Grown)		\N	\N	2025-07-18 23:06:02.84
474	Papaya Slices Dried (Responsibly Grown)		\N	\N	2025-07-18 23:06:02.84
475	Cane Sugar (Responsibly Grown)		\N	\N	2025-07-18 23:06:02.84
476	Deionized Water		\N	\N	2025-07-18 23:06:02.84
477	Hyaluronic Acid Powder - sodium hyaluronate		\N	\N	2025-07-18 23:06:02.84
478	Sodium Bicarbonate		\N	\N	2025-07-18 23:06:02.84
479	Aloe Vera 200:1		\N	\N	2025-07-18 23:06:02.84
480	OptiMSM Methylsulfonylmethane		\N	\N	2025-07-18 23:06:02.84
481	Spirulina Powder		\N	\N	2025-07-18 23:06:02.84
482	Kelp Powder		\N	\N	2025-07-18 23:06:02.84
483	Activated Charcoal Powder		\N	\N	2025-07-18 23:06:02.84
484	Hydroxyethylcellulose		\N	\N	2025-07-18 23:06:02.84
485	Phenoxyethanol and Ethylhexyglycerin		\N	\N	2025-07-18 23:06:02.84
486	Vitamin E Oil		\N	\N	2025-07-18 23:06:02.84
487	Magnesium Aluminum Silicate		\N	\N	2025-07-18 23:06:02.84
488	Acerola Cherry Bioferment	\N	\N	\N	2025-07-18 19:16:18.381572
489	AE preserve PX-82 banana juice	\N	\N	\N	2025-07-18 19:16:18.381572
490	Aloe Barbadensis Leaf Powder	\N	\N	\N	2025-07-18 19:16:18.381572
491	Aloe Leaf Juice 200X	\N	\N	\N	2025-07-18 19:16:18.381572
492	Aloe Vera 1X (we will reconstitute aloe 200X powder for this)	\N	\N	\N	2025-07-18 19:16:18.381572
493	Aloe Vera Gel Juice	\N	\N	\N	2025-07-18 19:16:18.381572
494	Amla Oil	\N	\N	\N	2025-07-18 19:16:18.381572
495	ANCYNOR RBP (beet extract)	\N	\N	\N	2025-07-18 19:16:18.381572
496	Aqua/Water/Eau	\N	\N	\N	2025-07-18 19:16:18.381572
497	Aquacell	\N	\N	\N	2025-07-18 19:16:18.381572
498	Ascorbyl Glucoside	\N	\N	\N	2025-07-18 19:16:18.381572
499	Avocado Carrier Oil	\N	\N	\N	2025-07-18 19:16:18.381572
500	BASF Cetiol Ultimate	\N	\N	\N	2025-07-18 19:16:18.381572
501	Benzyl Alcohol-DHA (2 part material)	\N	\N	\N	2025-07-18 19:16:18.381572
502	Benzyl alcohol, dehydroacetic acid	\N	\N	\N	2025-07-18 19:16:18.381572
503	Blue Borage Seed Oil	\N	\N	\N	2025-07-18 19:16:18.381572
504	Blue Tansy EO	\N	\N	\N	2025-07-18 19:16:18.381572
505	Bull Kelp ferment (gel)	\N	\N	\N	2025-07-18 19:16:18.381572
506	Calendula infused OO	\N	\N	\N	2025-07-18 19:16:18.381572
507	Caprylic/Capric Triglyceride	\N	\N	\N	2025-07-18 19:16:18.381572
508	Chamomile Hydrosol	\N	\N	\N	2025-07-18 19:16:18.381572
509	Citrate buffer (Citric Acid 50%)	\N	\N	\N	2025-07-18 19:16:18.381572
510	citric acid (50%)	\N	\N	\N	2025-07-18 19:16:18.381572
511	CO Aloe Juice	\N	\N	\N	2025-07-18 19:16:18.381572
512	Coco caprylate/ caprate	\N	\N	\N	2025-07-18 19:16:18.381572
513	Cocoa Illite Clay	\N	\N	\N	2025-07-18 19:16:18.381572
514	Cucumber Melon Scent	\N	\N	\N	2025-07-18 19:16:18.381572
515	Cucumis Sativus (Cucumber) Fruit Extract	\N	\N	\N	2025-07-18 19:16:18.381572
516	Cupuacu BUTTER Refined	\N	\N	\N	2025-07-18 19:16:18.381572
517	Epseama	\N	\N	\N	2025-07-18 19:16:18.381572
518	Fractionated Shea Oil	\N	\N	\N	2025-07-18 19:16:18.381572
519	Grankane 1214 LC	\N	\N	\N	2025-07-18 19:16:18.381572
520	Grankane 1214 LC (grant industries)	\N	\N	\N	2025-07-18 19:16:18.381572
521	green clay	\N	\N	\N	2025-07-18 19:16:18.381572
522	Honey Powder	\N	\N	\N	2025-07-18 19:16:18.381572
523	Irish moss extract in rice solution	\N	\N	\N	2025-07-18 19:16:18.381572
524	Lactic Acid 90%	\N	\N	\N	2025-07-18 19:16:18.381572
525	Lactobacillus Ferment (Leucidal liquid max)	\N	\N	\N	2025-07-18 19:16:18.381572
526	Licorice	\N	\N	\N	2025-07-18 19:16:18.381572
527	Lipidthix	\N	\N	\N	2025-07-18 19:16:18.381572
528	Lubrajel Natural	\N	\N	\N	2025-07-18 19:16:18.381572
529	Malva Sylvestris (Mallow) Extract	\N	\N	\N	2025-07-18 19:16:18.381572
530	Mixed Tocopherols (Vitamin E)	\N	\N	\N	2025-07-18 19:16:18.381572
531	Musk Melon Seed Oil	\N	\N	\N	2025-07-18 19:16:18.381572
532	Natrasil (aka Natura-tec Planstil)	\N	\N	\N	2025-07-18 19:16:18.381572
533	Natrasmooth (Snow Mushroom extract 1%	\N	\N	\N	2025-07-18 19:16:18.381572
534	Neossance Squalane	\N	\N	\N	2025-07-18 19:16:18.381572
535	Olive Oil - RBDW	\N	\N	\N	2025-07-18 19:16:18.381572
536	Olivem 1000 (2 part material)	\N	\N	\N	2025-07-18 19:16:18.381572
537	Olivem 1000	\N	\N	\N	2025-07-18 19:16:18.381572
538	Olivem VS Feel	\N	\N	\N	2025-07-18 19:16:18.402712
539	pH to 4.5 with Citric Acid	\N	\N	\N	2025-07-18 19:16:18.402712
540	Pomegranate extract	\N	\N	\N	2025-07-18 19:16:18.402712
541	prebiulin c 90	\N	\N	\N	2025-07-18 19:16:18.402712
542	Rose Hip Seed Oil	\N	\N	\N	2025-07-18 19:16:18.402712
543	Rose water	\N	\N	\N	2025-07-18 19:16:18.402712
544	Rosemary Leaf Extract	\N	\N	\N	2025-07-18 19:16:18.402712
545	SALT cap at 1%	\N	\N	\N	2025-07-18 19:16:18.402712
546	Sea Buckthorn CO2 extract	\N	\N	\N	2025-07-18 19:16:18.402712
547	Sea Buckthorn Extract (CO2)	\N	\N	\N	2025-07-18 19:16:18.402712
548	Seaweed Extract (Laminaria Digitata- also a replacement for epseama)	\N	\N	\N	2025-07-18 19:16:18.402712
549	Shitaake Mushroom extract	\N	\N	\N	2025-07-18 19:16:18.402712
550	Siligel (Xanthan Gum (and) Lecithin (and) Sclerotium Gum (and) Pullulan)	\N	\N	\N	2025-07-18 19:16:18.402712
551	Snow Mushroom Extract (1% gel)	\N	\N	\N	2025-07-18 19:16:18.402712
552	snow mushroom extract (1%)	\N	\N	\N	2025-07-18 19:16:18.402712
553	solagum AX (2 part material)	\N	\N	\N	2025-07-18 19:16:18.402712
554	sucrablend SP V2	\N	\N	\N	2025-07-18 19:16:18.402712
555	sucragel CF	\N	\N	\N	2025-07-18 19:16:18.402712
556	Symsave H	\N	\N	\N	2025-07-18 19:16:18.402712
557	Tallow	\N	\N	\N	2025-07-18 19:16:18.402712
558	tetrahexyldecyl ascorbate	\N	\N	\N	2025-07-18 19:16:18.402712
559	Tetrasodium Glutamate Diacetate	\N	\N	\N	2025-07-18 19:16:18.402712
560	Triluronic Acid Solution	\N	\N	\N	2025-07-18 19:16:18.402712
561	Turmeric Butter	\N	\N	\N	2025-07-18 19:16:18.402712
562	Vegetable Ceramides in glycerin	\N	\N	\N	2025-07-18 19:16:18.402712
563	White Tea Extract	\N	\N	\N	2025-07-18 19:16:18.402712
\.


--
-- Data for Name: schema_migrations; Type: TABLE DATA; Schema: public; Owner: earthharbor
--

COPY public.schema_migrations (version, applied_at) FROM stdin;
20250101_create_tables	2025-07-18 17:40:44.665389
20250102_add_formula_status	2025-07-18 17:40:44.6763
20250103_add_review_reasons	2025-07-18 17:40:44.681439
\.


--
-- Name: formula_ingredients_id_seq; Type: SEQUENCE SET; Schema: public; Owner: earthharbor
--

SELECT pg_catalog.setval('public.formula_ingredients_id_seq', 1561, true);


--
-- Name: formulas_id_seq; Type: SEQUENCE SET; Schema: public; Owner: earthharbor
--

SELECT pg_catalog.setval('public.formulas_id_seq', 84, true);


--
-- Name: ingredient_pricing_id_seq; Type: SEQUENCE SET; Schema: public; Owner: earthharbor
--

SELECT pg_catalog.setval('public.ingredient_pricing_id_seq', 1, false);


--
-- Name: ingredients_id_seq; Type: SEQUENCE SET; Schema: public; Owner: earthharbor
--

SELECT pg_catalog.setval('public.ingredients_id_seq', 563, true);


--
-- Name: formula_ingredients formula_ingredients_formula_id_ingredient_id_key; Type: CONSTRAINT; Schema: public; Owner: earthharbor
--

ALTER TABLE ONLY public.formula_ingredients
    ADD CONSTRAINT formula_ingredients_formula_id_ingredient_id_key UNIQUE (formula_id, ingredient_id);


--
-- Name: formula_ingredients formula_ingredients_pkey; Type: CONSTRAINT; Schema: public; Owner: earthharbor
--

ALTER TABLE ONLY public.formula_ingredients
    ADD CONSTRAINT formula_ingredients_pkey PRIMARY KEY (id);


--
-- Name: formulas formulas_name_key; Type: CONSTRAINT; Schema: public; Owner: earthharbor
--

ALTER TABLE ONLY public.formulas
    ADD CONSTRAINT formulas_name_key UNIQUE (name);


--
-- Name: formulas formulas_pkey; Type: CONSTRAINT; Schema: public; Owner: earthharbor
--

ALTER TABLE ONLY public.formulas
    ADD CONSTRAINT formulas_pkey PRIMARY KEY (id);


--
-- Name: ingredient_pricing ingredient_pricing_pkey; Type: CONSTRAINT; Schema: public; Owner: earthharbor
--

ALTER TABLE ONLY public.ingredient_pricing
    ADD CONSTRAINT ingredient_pricing_pkey PRIMARY KEY (id);


--
-- Name: ingredients ingredients_name_key; Type: CONSTRAINT; Schema: public; Owner: earthharbor
--

ALTER TABLE ONLY public.ingredients
    ADD CONSTRAINT ingredients_name_key UNIQUE (name);


--
-- Name: ingredients ingredients_pkey; Type: CONSTRAINT; Schema: public; Owner: earthharbor
--

ALTER TABLE ONLY public.ingredients
    ADD CONSTRAINT ingredients_pkey PRIMARY KEY (id);


--
-- Name: schema_migrations schema_migrations_pkey; Type: CONSTRAINT; Schema: public; Owner: earthharbor
--

ALTER TABLE ONLY public.schema_migrations
    ADD CONSTRAINT schema_migrations_pkey PRIMARY KEY (version);


--
-- Name: idx_formula_ingredients_formula_id; Type: INDEX; Schema: public; Owner: earthharbor
--

CREATE INDEX idx_formula_ingredients_formula_id ON public.formula_ingredients USING btree (formula_id);


--
-- Name: idx_formula_ingredients_ingredient_id; Type: INDEX; Schema: public; Owner: earthharbor
--

CREATE INDEX idx_formula_ingredients_ingredient_id ON public.formula_ingredients USING btree (ingredient_id);


--
-- Name: idx_formulas_review_reasons; Type: INDEX; Schema: public; Owner: earthharbor
--

CREATE INDEX idx_formulas_review_reasons ON public.formulas USING gin (review_reasons);


--
-- Name: idx_formulas_status; Type: INDEX; Schema: public; Owner: earthharbor
--

CREATE INDEX idx_formulas_status ON public.formulas USING btree (status);


--
-- Name: idx_formulas_status_created; Type: INDEX; Schema: public; Owner: earthharbor
--

CREATE INDEX idx_formulas_status_created ON public.formulas USING btree (status, created_date DESC);


--
-- Name: idx_ingredient_pricing_effective_date; Type: INDEX; Schema: public; Owner: earthharbor
--

CREATE INDEX idx_ingredient_pricing_effective_date ON public.ingredient_pricing USING btree (effective_date);


--
-- Name: idx_ingredient_pricing_ingredient_id; Type: INDEX; Schema: public; Owner: earthharbor
--

CREATE INDEX idx_ingredient_pricing_ingredient_id ON public.ingredient_pricing USING btree (ingredient_id);


--
-- Name: formulas update_formulas_updated_date; Type: TRIGGER; Schema: public; Owner: earthharbor
--

CREATE TRIGGER update_formulas_updated_date BEFORE UPDATE ON public.formulas FOR EACH ROW EXECUTE FUNCTION public.update_updated_date_column();


--
-- Name: formula_ingredients formula_ingredients_formula_id_fkey; Type: FK CONSTRAINT; Schema: public; Owner: earthharbor
--

ALTER TABLE ONLY public.formula_ingredients
    ADD CONSTRAINT formula_ingredients_formula_id_fkey FOREIGN KEY (formula_id) REFERENCES public.formulas(id) ON DELETE CASCADE;


--
-- Name: formula_ingredients formula_ingredients_ingredient_id_fkey; Type: FK CONSTRAINT; Schema: public; Owner: earthharbor
--

ALTER TABLE ONLY public.formula_ingredients
    ADD CONSTRAINT formula_ingredients_ingredient_id_fkey FOREIGN KEY (ingredient_id) REFERENCES public.ingredients(id) ON DELETE CASCADE;


--
-- Name: ingredient_pricing ingredient_pricing_ingredient_id_fkey; Type: FK CONSTRAINT; Schema: public; Owner: earthharbor
--

ALTER TABLE ONLY public.ingredient_pricing
    ADD CONSTRAINT ingredient_pricing_ingredient_id_fkey FOREIGN KEY (ingredient_id) REFERENCES public.ingredients(id) ON DELETE CASCADE;


--
-- PostgreSQL database dump complete
--

